s11a,s11m,s21a,s21m,s31a,s31m,s41a,s41m,s12a,s12m,s22a,s22m,s32a,s32m,s42a,s42m,s13a,s13m,s23a,s23m,s33a,s33m,s43a,s43m,s14a,s14m,s24a,s24m,s34a,s34m,s44a,s44m,wavelengths,freqs
3.0126995077756598,0.013157502194273155,-0.8555882557986194,0.007381449195718136,2.7877153382739954,0.6026367230550355,1.2106453329296247,0.7881307531371607,-0.8555882775989356,0.007381449581765965,3.01269949680666,0.013157503457867573,1.2106453347731578,0.7881307555550836,2.787715338380531,0.6026367229700125,2.7881412299594057,0.6021338440663401,1.2099618593360268,0.7877531582991312,2.942372128264398,0.01350128210267721,-0.8449956541423621,0.009526286835845185,1.209961857541944,0.7877531558721564,2.788141229836159,0.6021338441642148,-0.8449956339821965,0.009526286319471236,2.942372136377779,0.013501280550643712,1.5,0.6666666666666666
2.9678853186617102,0.011982473194092838,-1.5921312603627937,0.006932291819695667,2.195985311781615,0.6051818431738113,0.6191126475678589,0.7866188085346187,-1.5921312885068568,0.006932292165184468,2.9678852312658806,0.011982473975280485,0.6191126502807285,0.7866188105944109,2.1959853119439328,0.6051818431440795,2.196440750653994,0.6046964922931171,0.6184471989398523,0.7862438907518174,2.8655634613539482,0.01185160588339468,-1.5819579836434667,0.008963330047072568,0.6184471962467006,0.786243888654099,2.196440750459753,0.6046964923266683,-1.5819579570668914,0.00896332958042018,2.865563563205597,0.011851604833228993,1.5020408163265306,0.6657608695652174
3.0318666828234893,0.010921460509314205,-2.340755809020148,0.0062515464026560415,1.6057411579683387,0.6077492859975508,0.029110636644352535,0.7851286117911604,-2.340755843901812,0.00625154670889338,3.031866563601173,0.010921460141346331,0.029110639935033242,0.7851286133237626,1.605741158094105,0.6077492860307697,1.6062169626845382,0.6072804724386347,0.02845795566154552,0.7847555039945647,2.9374846942297737,0.010211402140504682,-2.3305109078242165,0.00810208399294536,0.0284579523780288,0.7847555023963969,1.6062169625327765,0.6072804723955643,-2.330510874435673,0.008102083573775117,2.937484853243758,0.010211402482379405,1.5040816326530613,0.6648575305291723
3.1586425386497305,0.011060048917258399,-3.1153946468411458,0.00540413215425864,1.0169886048058114,0.6103124864459347,-0.5593737211612541,0.7836330149040958,-3.1153946889114232,0.0054041324275538455,3.158642497537691,0.0110600475855585,-0.5593737176318089,0.7836330157378416,1.016988604823236,0.6103124865083919,1.017480197750395,0.6098567742841727,-0.5600150775448797,0.7832583248004176,3.1209429345534776,0.010147691306920868,-3.1042573890920804,0.0070237918990876565,-0.5600150810690766,0.783258323885576,1.0174801977266212,0.6098567742069815,-3.104257348408277,0.007023791522154218,3.120942991605147,0.010147692934098883,1.506122448979592,0.6639566395663956
3.2208355893038987,0.012430726152691068,-3.938981953464141,0.00448293085300043,0.4297476774096783,0.6128530529666631,-1.146339681239711,0.7821144027101419,-3.93898200246772,0.004482931105095347,3.220835651663239,0.01243072491337352,-1.1463396777803028,0.7821144027219313,0.4297476773188868,0.6128530530034799,0.4302560670877373,0.6124072873068144,-1.1469665436712209,0.7817355385390339,3.216719283402396,0.011833549775948526,-3.9254641447766976,0.005845413771542267,-1.1469665471240658,0.7817355384517942,0.430256067195299,0.6124072872607662,-3.925464097116846,0.005845413421652658,3.216719200588743,0.01183355127871758,1.5081632653061225,0.6630581867388362
3.177168370251699,0.014034517034308703,-4.848950086586113,0.003627993980832166,-0.1559598255334608,0.6153621629671888,-1.7317836637403718,0.7805659575526905,-4.848950138642932,0.0036279942295481156,3.1771684746913356,0.014034516673412895,-1.7317836606059474,0.7805659567195563,-0.15595982566617234,0.6153621629420621,-0.15543055744218362,0.6149256486994547,-1.732390838456822,0.7801836435507394,3.164738260037451,0.013861974171544176,-4.830395113878644,0.004743437617996176,-1.7323908415940128,0.7801836443306721,-0.15543055728179678,0.6149256487284882,-4.830395063232271,0.004743437272393635,3.164738130086884,0.013861974598179226,1.510204081632653,0.6621621621621622
3.0677577706825865,0.01494677541676896,-5.883259567351412,0.0030551522880881182,-0.740119302422551,0.6178367312363389,-2.3157068630274695,0.7789864180287862,-5.88325960874956,0.0030551525492616585,3.0677578635451015,0.014946776096835212,-2.3157068604308693,0.778986416457128,-0.7401193025079275,0.6178367311539176,-0.7395660421040426,0.6174115554411173,-2.316291146333199,0.7786047980775398,3.029500301520775,0.015033939582684192,-5.856816082851706,0.003989800799540527,-2.3162911489591567,0.7786047996211466,-0.7395660420000933,0.6174115555407347,-5.856816043033635,0.003989800438469823,3.0295001874600294,0.015033938780945838,1.5122448979591836,0.6612685560053981
2.9408698365140795,0.014753709499011678,-6.996028095295011,0.002996848525843894,-1.3227242577789462,0.6202736965909064,-2.89811511084907,0.7773727862606447,-6.996028110491354,0.0029968487892737053,2.940869881682487,0.014753710918619042,-2.8981151089905293,0.7773727841696617,-1.3227242577647071,0.6202736964944852,-1.3221476926966569,0.6198631818717718,-2.8986780089834827,0.7769972050815256,2.871695972029829,0.014848062623165566,-6.96450419908078,0.0038838967361588465,-2.8986780109043226,0.7769972071623619,-1.3221476927126363,0.6198631819888614,-6.9645041862804415,0.003883896371787509,2.87169591140848,0.014848060929422398,1.5142857142857142,0.6603773584905661
2.8402217266800043,0.013548407403720798,-8.039309042052693,0.0034535686124288678,-1.903770236844483,0.6226665604009822,-3.479012129530557,0.7757162053082342,-8.039309039042754,0.003453568856963284,2.840221696208407,0.013548408927846896,-3.479012128602209,0.7757162029793856,-1.9037702367449878,0.6226665603430314,-1.9031747746429566,0.6222730287368232,-3.4795595963964203,0.775350235274472,2.7413025455091313,0.013392458502417062,-8.009724796325585,0.004442863014886987,-3.4795595974132354,0.7753502375976777,-1.9031747747635297,0.6222730288081613,-8.009724802795567,0.004442862675116255,2.7413025720645754,0.013392456606696523,1.5163265306122449,0.6594885598923285
2.8091095361764147,0.011882949424922646,-8.954492173470408,0.00418846181177415,-2.4832472007867668,0.6250064214075572,-4.058391606043978,0.7740036397052346,-8.95449216661072,0.004188462032445809,2.809109421306297,0.011882950224094291,-4.058391606198343,0.7740036374216771,-2.483247200669343,0.6250064214160922,-2.4826382768327906,0.6246297965008871,-4.058931123751044,0.7736472829744712,2.69439373955088,0.011291360678701191,-8.928813594445915,0.005371140736189094,-4.058931123689758,0.7736472852499294,-2.482638276975115,0.6246297964919274,-8.928813605010085,0.0053711404266442745,2.6943938783514367,0.011291359550643101,1.5183673469387755,0.6586021505376344
2.8698971807008786,0.01063565295380297,-9.775987221302689,0.004988341330092792,-3.061136269393758,0.627286603861786,-4.636233999925378,0.7722239919094016,-9.775987216449057,0.004988341528249069,2.869897040657,0.010635652420568444,-4.636234001222954,0.7722239899105284,-3.0611362693362616,0.6272866039249724,-3.060516999206033,0.6269247375984645,-4.636770980796352,0.7718741116767027,2.7784877859899844,0.00965899365347684,-9.753301277614593,0.00639046807821642,-4.6367709795712795,0.7718741136692286,-3.0605169992727443,0.6269247375226439,-9.753301285931407,0.006390467795041714,2.77848797851388,0.009658994175199059,1.5204081632653061,0.6577181208053691
2.9655885475456887,0.010463138658044695,-10.541598948143251,0.00572993494451958,-3.637413486690533,0.6295076262002838,-5.212510701847698,0.7703744732498415,-10.541598946343681,0.005729935120884013,2.9655885006810907,0.010463137150124393,-5.212510704207536,0.7703744717189593,-3.637413486731108,0.629507626274485,-3.6367829218437318,0.6291580747088124,-5.213046491819962,0.7700270392685412,2.9252419485140275,0.009500895712392878,-10.52098728979252,0.007337667667985401,-5.213046489499398,0.7700270408046839,-3.6367829217895338,0.629158074620035,-10.520987294608869,0.007337667409603339,2.925242015197099,0.00950089754306733,1.5224489795918368,0.6568364611260054
2.9945981771530437,0.011058083704487057,-11.274229864689936,0.006343815656034762,-4.2120585343042976,0.6316791061163342,-5.78719341005376,0.7684630558086377,-11.274229865575,0.006343815809099976,2.9945982506749056,0.011058082329053273,-5.787193413241836,0.7684630548849298,-4.212058534419324,0.6316791061542273,-4.21141264542622,0.6313411581215576,-5.78772603615231,0.7681156786575124,2.971223909082764,0.010453337311043445,-11.255211723903829,0.008121362609146586,-5.787726032972407,0.7681156796081993,-4.211412645281008,0.6313411580776852,-11.25521172556697,0.008121362377083765,2.971223814340049,0.010453338994873098,1.5244897959183674,0.6559571619812583
2.9322408976949355,0.011479663322398873,-11.98699127593145,0.006787890637567475,-4.785063150043847,0.633817203903203,-6.36026341152296,0.7665054503593761,-11.986991278759119,0.006787890765429123,2.9322410333903495,0.011479662872854245,-6.360263415187619,0.7665054501540607,-4.785063150164032,0.6338172038822463,-4.784397887006108,0.6334928387616754,-6.3607904394051795,0.7661585863257904,2.885307359934306,0.011228836907396934,-11.969395737196956,0.008687233799852798,-6.360790435731015,0.7661585865813563,-4.784397886855217,0.6334928387893345,-11.969395736469618,0.008687233596385574,2.885307191593007,0.011228837508250933,1.526530612244898,0.6550802139037433
2.8160274435765706,0.010983709597090737,-12.68808086440948,0.007035936673576646,-5.356434255441344,0.6359390059857246,-6.931715693891655,0.7645184957044427,-12.688080868412584,0.00703593677474687,2.8160275814981466,0.010983710267983657,-6.9317156976362115,0.7645184962998667,-5.356434255499565,0.635939005922122,-5.355748754594799,0.6356321632180459,-6.932237277396126,0.7641746159274018,2.720847413165813,0.010894139529880751,-12.671898825205075,0.009002417267372873,-6.932237273640819,0.7641746153950869,-5.3557487545240665,0.635632163297467,-12.671898822822493,0.009002417095879336,2.7208472377993385,0.010894138852775643,1.5285714285714287,0.6542056074766355
2.7015394623597535,0.00929662586227882,-13.383582701496598,0.007073713213796503,-5.926190102544226,0.6380570781207379,-7.501556119091951,0.7625139451585149,-13.383582705970845,0.007073713287715421,2.70153954385959,0.009296627386984719,-7.50155612254148,0.762513946591256,-5.92619010250833,0.6380570780551972,-5.925488072216166,0.6377716745277772,-7.502076280928472,0.7621752522381023,2.5307902806979303,0.009096674027200375,-13.368858397487024,0.009049796122936103,-7.502076277470671,0.7621752508663114,-5.9254880722596885,0.637771674606691,-13.368858394197542,0.009049795982889595,2.5307901488265636,0.009096672326043331,1.530612244897959,0.6533333333333333
2.689750529488244,0.006664593638301884,-14.07914494374161,0.006898756405904857,-6.494351940915273,0.6401772121314018,-8.0697940837568,0.7604962092694437,-14.079144948026894,0.006898756453326625,2.6897504452931966,0.006664595300938122,-8.069794086612264,0.7604962114962913,-6.49435194081358,0.6401772121062529,-6.493640405169737,0.6399150903160883,-8.070319410983595,0.7601623500716229,2.389081029539164,0.005958321141114236,-14.065894150939284,0.008827183886099226,-8.070319408116806,0.760162347888528,-6.493640405291981,0.6399150903430375,-14.065894147352052,0.008827183777489872,2.3890810446558204,0.005958318999534374,1.5326530612244897,0.6524633821571239
3.071473900909561,0.004348691452268212,-14.78128432937567,0.006522207079470705,-7.060936225375465,0.6423003790192049,-8.636435618855975,0.7584650729385245,-14.781284332781587,0.006522207102666274,3.071473486044384,0.004348691586846954,-8.636435620902878,0.7584650758169572,-7.06093622527294,0.6423003790510557,-7.060222390653899,0.6420603862887633,-8.636972137202058,0.7581322547481868,2.7383016387166603,0.002338016139292733,-14.769420595441394,0.008349292288613908,-8.636972135128568,0.7581322518895255,-7.060222390775083,0.6420603862448555,-14.769420592174386,0.008349292209896428,2.7383025120111926,0.0023380152991486726,1.5346938775510204,0.6515957446808511
3.751562313697185,0.005334831870207792,-15.498835888325361,0.005972187534276574,-7.625951825325021,0.6444273617934122,-9.201481332933266,0.756421374645863,-15.49883589009703,0.00597218753502985,3.7515622496066263,0.005334830040949296,-9.2014813340298,0.7564213779377267,-7.625951825286636,0.6444273618649097,-7.625239903737139,0.6442060696590911,-9.202031389337616,0.7560834239625791,4.145591174844734,0.0038437753999769186,-15.488081509649799,0.007651825013939971,-9.202031388189804,0.7560834206706332,-7.625239903779205,0.6442060695674113,-15.488081507396855,0.00765182496397649,4.145591041941607,0.0038437776115770217,1.536734693877551,0.650730411686587
3.89979338208256,0.008610428200277988,-16.24493383243189,0.005299349165326802,-8.189403524144023,0.6465629897788983,-9.764930445434127,0.7543719200618123,-16.244933831679845,0.005299349144766564,3.8997935307074836,0.00861042678767679,-9.764930445492098,0.7543719234678459,-8.189403524196013,0.6465629898492138,-8.188693307138946,0.646356603161548,-9.765491384757553,0.7540226783368971,4.14999103763206,0.008063778457595773,-16.234681847307936,0.006798374119392443,-9.765491384624568,0.7540226749219933,-8.188693307072066,0.6463566030731794,-16.234681846956008,0.0067983740971127,4.149990794343822,0.008063779704699525,1.5387755102040817,0.649867374005305
3.807168309886671,0.011751981909031341,-17.039240704142273,0.004586559323765044,-8.75129927305337,0.6487172123726348,-10.3267883489231,0.7523304513884436,-17.03924070000797,0.0045865592814622776,3.807168472990943,0.01175198159832822,-10.326788347904442,0.7523304546011077,-8.75129927316858,0.648717212401748,-8.750587177545754,0.6485235519463436,-10.327353696561618,0.7519661557423226,3.9613422659872817,0.011640375516209856,-17.028351248646985,0.00589242630791196,-10.32735369749347,0.7519661525230135,-8.750587177403425,0.6485235519095769,-17.028351251232397,0.005892426312854114,3.961342062496534,0.011640375487740391,1.5408163265306123,0.6490066225165563
3.6523807636191097,0.013908446977650236,-17.906292155372515,0.003963512021302843,-9.311656448476812,0.6509021981244227,-10.887072940936571,0.7503139021693347,-17.9062921478741,0.003963511954855516,3.652380891096778,0.013908447827639735,-10.88707293887362,0.7503139049215605,-9.311656448595262,0.6509021980964262,-9.31093832192616,0.6507216415167117,-10.887635365711544,0.7499342613491549,3.748705902970046,0.013960672847517955,-17.89305767743061,0.005095410908261343,-10.887635367697023,0.7499342585942791,-9.310938321786335,0.650721641550224,-17.89305768348136,0.005095410943385775,3.7487057574949336,0.013960671569113833,1.542857142857143,0.6481481481481481
3.49729912979465,0.014813705399831149,-18.854940738606444,0.0036080430057363723,-9.8705029962708,0.6531270420131658,-11.445815617498118,0.7483359644920456,-18.85494073046153,0.0036080429103302492,3.4972991959742536,0.01481370711855138,-11.445815614518636,0.7483359665900532,-9.87050299633178,0.6531270419438978,-9.869777008044629,0.6529619478446447,-11.446369989263165,0.7479434302086481,3.555390085530635,0.014818785124048788,-18.838294781770255,0.004629135658037981,-11.446369992190224,0.7479434281071409,-9.86977700797988,0.652961947927031,-18.838294789700377,0.004629135728504422,3.555390015747768,0.014818782940513949,1.5448979591836736,0.6472919418758256
3.3792925292481257,0.014608291732809222,-19.836448967678606,0.0036698592736612236,-10.427872372844668,0.6553931039342323,-12.003055862415062,0.7464015495708682,-19.83644896337498,0.003669859147270493,3.3792925124779183,0.01460829369720071,-12.003055858760536,0.7464015508992534,-10.427872372823597,0.6553931038618331,-10.4271403536684,0.6552461210523524,-12.003600753488671,0.7459993086150697,3.4143303291848173,0.014404558737224345,-19.818417203917633,0.004684600819870824,-12.003600757120644,0.7459993072737473,-10.427140353705049,0.6552461211357834,-19.818417209877957,0.004684600928600746,3.4143303586504925,0.014404556356976697,1.5469387755102042,0.646437994722955
3.32950408695339,0.013852843137400551,-20.766496178378823,0.0041343307345937785,-10.98379480177624,0.6576926822424874,-12.558831987805364,0.744505194469361,-20.766496178803624,0.004134330579383655,3.329503981322369,0.013852844457870607,-12.558831983818898,0.7445051949796067,-10.9837948016969,0.6576926822053119,-10.983061344446744,0.6575649589414642,-12.55936891985497,0.744095080221025,3.3610841779864438,0.013390274086810696,-20.75056820174042,0.005251641205076623,-12.559368923842285,0.7440950796816715,-10.983061344553061,0.6575649589797332,-20.750568203956938,0.005251641349715468,3.3610843171129448,0.013390272562363328,1.5489795918367348,0.6455862977602107
3.3549163806945264,0.013446961975331479,-21.61104184284959,0.0048456822443619305,-11.538289491790897,0.6600118712414889,-13.113172717863891,0.7426342332495605,-21.61104184548546,0.004845682062108878,3.3549162354690654,0.013446961863403658,-13.11317271394464,0.7426342329459809,-11.538289491707078,0.6600118712569498,-11.53755941567244,0.6599022003982631,-13.113703747103846,0.7422157290859036,3.4054109613507815,0.012896337628550395,-21.598557276774976,0.006137862199858296,-13.113703751034105,0.7422157293443763,-11.537559415781697,0.6599022003726721,-21.59855727667207,0.006137862377411323,3.4054111451482707,0.012896337923700875,1.5510204081632653,0.6447368421052632
3.4015221741309816,0.014130115258574726,-22.385356376220617,0.005645619782406868,-12.091361951115823,0.6623361280121927,-13.666093802119727,0.740774909174559,-22.38535637866146,0.005645619571995482,3.4015220860493787,0.014130113770694282,-13.666093798662926,0.7407749081046245,-12.091361951083865,0.6623361280685425,-12.090637633848178,0.6622415088702461,-13.666618939099752,0.740345746535047,3.4709460235508187,0.013841405107819716,-22.375999277983254,0.007141241168771658,-13.66661894256452,0.7403457475536331,-12.09063763388997,0.6622415087974499,-22.375999277491825,0.007141241378956592,3.470946121751914,0.013841407046980536,1.5530612244897959,0.6438896189224704
3.390523012982606,0.01578382155351817,-23.112985331331043,0.006426752419055737,-12.643007719445482,0.6646555783349861,-14.217601031507716,0.7389180248688906,-23.11298533198639,0.006426752180372133,3.3905230211450132,0.01578381962994173,-14.217601028842353,0.7389180231284503,-12.643007719490427,0.6646555783990856,-12.642287835625742,0.6645728687266429,-14.21811703098092,0.73847596207907,3.454918610487306,0.015974943974116577,-23.106107352356947,0.008122608429164627,-14.218117033647486,0.7384759637737446,-12.642287835573178,0.6645728686489619,-23.106107352916045,0.008122608671911096,3.4549185889227814,0.01597494630203636,1.5551020408163265,0.6430446194225722
3.2981193237026867,0.01758241907013004,-23.81114861964127,0.0071232055552777895,-13.193220315521076,0.6669672486000257,-14.767697504278095,0.7370610595242126,-23.811148617478203,0.007123205288734752,3.2981193984716137,0.017582417662894468,-14.767697502630005,0.7370610572648427,-13.193220315628379,0.6669672486364318,-13.192500707841297,0.6668949723285984,-14.768198749261902,0.73660577393589,3.340114844284536,0.018226604685469466,-23.806230010774627,0.008996071085676554,-14.76819875090986,0.7366057761652027,-13.1925007077162,0.6668949722888976,-23.806230013402676,0.008996071360764126,3.3401147509842795,0.018226606308424143,1.5571428571428572,0.6422018348623854
3.1444563898384876,0.01867043915965349,-24.490759188033294,0.007694759094067435,-13.741998922874481,0.6692731290009671,-15.316390706731106,0.7352057120902674,-24.490759182249814,0.007694758802112537,3.1444564915845765,0.0186704387808982,-15.316390706210921,0.7352057095242157,-13.741998922997611,0.6692731289909136,-13.741275141278079,0.669212420799959,-15.316871723842308,0.7347396937546923,3.1574194069593284,0.01961172366254473,-24.48747161099571,0.00970924077540754,-15.31687172437157,0.7347396963092376,-13.74127514114047,0.6692124208188183,-24.48747161651307,0.009709241080790151,3.157419288100043,0.019611724060191273,1.5591836734693878,0.6413612565445026
2.9566366327572906,0.018485686517539332,-25.158702856838552,0.008116535751061322,-14.28935154647102,0.671575294085175,-15.86369517510277,0.7333524087535471,-25.158702846727127,0.008116535437365131,2.9566367310394166,0.01848568725862027,-15.86369517571929,0.7333524061421579,-14.28935154655825,0.6715752940357003,-14.288621684422377,0.6715294389202477,-15.86415341426349,0.7328803075410014,2.936820487437232,0.019523035405636685,-25.156882313360175,0.010230074725180524,-15.864153413672684,0.7328803101558043,-14.288621684333311,0.6715294389859814,-25.156882322493217,0.010230075056807416,2.936820373570838,0.019523034513586356,1.5612244897959184,0.6405228758169934
2.7594456092082265,0.016805550055499077,-25.819600197090136,0.008373092406708244,-14.835291916916361,0.6738709456647891,-16.409629038554524,0.7314950149961338,-25.81960018196414,0.008373092076746927,2.7594456779475673,0.016805551685131346,-16.409629040237338,0.7314950126214597,-14.835291916937981,0.6738709456037544,-14.834558224931383,0.6738437260209197,-16.410066403288624,0.7310217348300023,2.700677362924496,0.017725687358044494,-25.81921020797357,0.010539251159525111,-16.410066401648425,0.7310217372144848,-14.834558224923304,0.6738437260976957,-25.81921022140767,0.010539251511621767,2.7006772783797772,0.017725685435118856,1.563265306122449,0.639686684073107
2.5828038811003546,0.013735505097895452,-26.476964324573686,0.0084553453340521,-15.379831878006085,0.6761503131362929,-16.954206191714903,0.7296189108561326,-26.476964303727684,0.008455344994710139,2.5828038868819414,0.013735507133117804,-16.9542061943325,0.7296189089818238,-15.379831877968021,0.6761503130966207,-15.379100290162825,0.6761440067334994,-16.954628463351376,0.7291474076112516,2.471325682281506,0.014318188666919694,-26.478063122217137,0.010626121981488601,-16.954628460785525,0.7291474094931591,-15.379100290225503,0.676144006781369,-26.47806314064092,0.010626122347155705,2.47132565846642,0.014318186206146484,1.5653061224489797,0.6388526727509778
2.48917177650405,0.009731554078946603,-27.134016250085622,0.0083595901488204,-15.922973498201625,0.6783988257601636,-17.49742834011374,0.7277038027426534,-27.13401622272378,0.008359589806009775,2.4891716542675444,0.009731555775046294,-17.497428343480784,0.7277038015757329,-15.92297349813985,0.6783988257625841,-15.922251294559981,0.6784128755156744,-17.497842727345727,0.7272336923799289,2.2930838476150996,0.009706500162223393,-27.13673033954848,0.010487304321376416,-17.49784272402585,0.7272336935504223,-15.922251294644337,0.6784128755116559,-27.136730363714786,0.010487304693657325,2.2930839555791827,0.009706497865361588,1.5673469387755103,0.6380208333333333
2.680810489837474,0.005920371497752646,-27.794376748882996,0.008088284375045673,-16.46470538084198,0.6806026781622184,-18.03928138729247,0.725730127393092,-27.7943767140535,0.008088284034220357,2.680810136270545,0.0059203715641719945,-18.03928139116989,0.7257301270571777,-16.46470538080346,0.6806026782051373,-16.463998155424346,0.6806337085583688,-18.03969337965473,0.7252577929744031,2.369843761687222,0.00476065817922684,-27.798883710632673,0.010127495142911894,-18.039693375809435,0.7252577933118748,-16.46399815547493,0.6806337085072638,-27.798883741447522,0.010127495516523565,2.3698442683512684,0.0047606573527469035,1.569387755102041,0.6371911573472041
3.3784611508192683,0.005318395653451127,-28.462807388430864,0.00765244346863728,-17.005005505932886,0.6827550537399204,-18.57973848341797,0.7236859797356716,-28.462807344954477,0.007652443133331646,3.3784610820776773,0.005318393586555523,-18.579738487512508,0.7236859802652514,-17.005005505947924,0.6827550538015099,-17.00431494067187,0.6827982221309957,-18.58014951778656,0.7232061103253502,3.5530793093768245,0.003505882027520773,-28.469331993999248,0.009562325568492134,-18.58014951370485,0.7232061098010839,-17.004314940655284,0.6827982220612144,-28.469332032583488,0.009562325939861137,3.553079300144516,0.0035058845803953606,1.5714285714285714,0.6363636363636364
3.677205444884555,0.008304325670012195,-29.14615332615483,0.007075779285598924,-17.543849550248535,0.6848598324504638,-19.118768663790053,0.7215711706095816,-29.146153272587494,0.007075778955170113,3.6772056334302863,0.008304324296882687,-19.1187686677689,0.7215711719576012,-17.543849550318715,0.6848598325004656,-17.54317306094424,0.6849108350431763,-19.11917567800766,0.7210789629386098,3.876073356885906,0.0075312131406464235,-29.154979408979536,0.008823418273226457,-19.119175674026078,0.7210789616051154,-17.543173060862582,0.6849108349910482,-29.154979456702733,0.00882341864327183,3.8760730630078015,0.0075312143701564286,1.573469387755102,0.6355382619974059
3.6262700935635785,0.011466973546262981,-29.85454776280528,0.006401272209412041,-18.081220779227376,0.6869308344475514,-19.656347148776266,0.7193964600960611,-29.854547697639166,0.006401271877196965,3.6262702718157382,0.011466973458838,-19.656347152296288,0.7193964621529988,-18.081220779325605,0.6869308344627497,-18.08055314282884,0.6869875755766734,-19.65674413864212,0.7188894193098935,3.7474662751443564,0.01122683729958612,-29.866037657529848,0.007966506137674228,-19.65674413511276,0.7188894172780492,-18.080553142717775,0.6869875755678216,-29.866037715814603,0.007966506514127685,3.747466054595834,0.011226837067516031,1.5755102040816327,0.6347150259067358
3.479881906876335,0.013553667856664214,-30.602348300498754,0.005701423234402582,-18.617116775440227,0.6889869019868368,-20.192462545692194,0.7171784522591009,-30.602348223052612,0.00570142288505597,3.479882032669681,0.01355366888709316,-20.192462548441668,0.7171784548724532,-18.617116775525698,0.6889869019617131,-18.61645286970899,0.6890500314286818,-20.19284326183789,0.7166569752917683,3.549399596004046,0.013525106747397698,-30.616919607829733,0.0070841041594518735,-20.192843259081634,0.7166569727099942,-18.616452869618676,0.6890500314661807,-30.616919677302064,0.007084104559938011,3.5493994511876066,0.013525105321914008,1.5775510204081633,0.6338939197930142
3.320311854607147,0.014245923980004776,-31.40588663781231,0.005091394189461067,-19.15154987805535,0.6910452131626648,-20.727117801607278,0.714932787369728,-31.405886550674676,0.0050913937979379245,3.3203119130193692,0.014245925718761772,-20.727117803348587,0.7149327903590874,-19.151549878093117,0.6910452131110366,-19.150887156261625,0.6911173220327684,-20.72747821256095,0.7143993512566845,3.3528141125546433,0.014195362428354098,-31.423779317571125,0.0063214116653833525,-20.72747821081988,0.714399348298914,-19.150887156230596,0.6911173220974334,-31.423779395713886,0.006321412118111485,3.3528140486315046,0.014195360265067448,1.579591836734694,0.6330749354005167
3.1918915755165713,0.013660044805329953,-32.27032336799969,0.004730258293634142,-19.684541387390723,0.6931160666140684,-21.260324935237634,0.712669021023986,-32.27032328048052,0.004730257833402388,3.191891551746025,0.01366004663669814,-21.260324935839826,0.71266902418887,-19.684541387368835,0.6931160665607303,-19.683880901609133,0.6931999976826734,-21.26066427188482,0.7121264885931186,3.1977109740112546,0.013395606479044574,-32.290947459495506,0.005876096462060804,-21.260664271288217,0.7121264854540131,-19.683880901646184,0.693199997744394,-32.29094753751344,0.005876096996258815,3.197711007342015,0.013395604257440323,1.5816326530612246,0.632258064516129
3.1377443413165707,0.012324018073881783,-33.16569003169787,0.004767747374641889,-20.216112682860587,0.6952015667748574,-21.792096670413773,0.7103895938925433,-33.165689956838555,0.004767746837561317,3.137744228690778,0.012324019215909412,-21.792096669865497,0.7103895970181419,-20.21611268279424,0.6952015667427214,-20.21545823051487,0.6952987095179131,-21.79241662596974,0.7098395500335785,3.133391723713396,0.011722033431627447,-33.187250858196286,0.005929056801400769,-21.79241662652344,0.7098395469245177,-20.215458230598266,0.6952987095509808,-33.18725092415921,0.005929057424950509,3.1333918696349308,0.01172203205985553,1.5836734693877552,0.6314432989690721
3.1919855190024893,0.011204835468775513,-34.033190771432295,0.005236722866830938,-20.74627784998234,0.6972986189665221,-22.32243954160979,0.7080931261910521,-34.033190713656296,0.00523672226972697,3.19198536444684,0.011204835231201304,-22.322439540010766,0.7080931290576504,-20.746277849904125,0.6972986189656287,-20.7456337532035,0.6974080352749608,-22.32274213392713,0.707535093777906,3.211309410291635,0.01033202660684647,-34.054034292764975,0.0065122292431281465,-22.32274213552528,0.7075350909192414,-20.745633753293674,0.6974080352702223,-34.054034343002215,0.006512229936286348,3.211309613853952,0.010332026971973909,1.5857142857142859,0.6306306306306306
3.3096748796362854,0.011354668505480975,-34.835620744670386,0.006029149813419939,-21.2750415191848,0.6994044467255228,-22.85135215034463,0.7057800386057509,-34.835620698065554,0.006029149179961618,3.3096748018670334,0.011354667032182684,-22.851352147882196,0.7057800410034862,-21.27504151912814,0.6994044467488051,-21.274410198477565,0.6995232391994544,-22.851637403174916,0.7052119495023651,3.3737327773557357,0.010583997594183865,-34.855442523888996,0.007485876031072038,-22.851637405627102,0.7052119471068958,-21.274410198538085,0.699523239167435,-34.855442564102724,0.007485876767692522,3.3737328655374617,0.010583999474483864,1.5877551020408165,0.6298200514138816
3.362832674112082,0.012889188767986465,-35.57370646669185,0.006989324377484943,-21.80240287028061,0.7015215726321317,-23.378829504423912,0.7034573246508232,-35.573706423771306,0.006989323726307094,3.362832712177198,0.01288918713036341,-23.378829501342974,0.7034573264001905,-21.8024028702644,0.7015215726593252,-21.801783440217253,0.7016462843177106,-23.379094168567576,0.7028769824546343,3.4379872764811292,0.012546266554450892,-35.5929472254395,0.008656153052435119,-23.379094171629838,0.702876980706726,-21.801783440228675,0.7016462842831982,-35.592947262555356,0.008656153812147195,3.437987214686798,0.012546268494866706,1.5897959183673471,0.6290115532734274
3.299055807225739,0.014877695821084086,-36.26334479158205,0.007984252508859955,-22.32836355559043,0.7036594951723595,-23.90487117417287,0.7011397537442082,-36.26334474740871,0.007984251856116816,3.2990559046831374,0.01487769489088232,-23.904871170748088,0.7011397547186665,-22.328363555610697,0.7036594951801523,-22.32775213729377,0.7037878229248515,-23.905109174950702,0.7005465348774553,3.354131850497106,0.01496683485562645,-36.28246558922536,0.009859585256647707,-23.905109178353094,0.7005465339058059,-22.327752137264884,0.703787822913737,-36.28246562783829,0.009859586022037903,3.354131727249441,0.014966835869751383,1.5918367346938775,0.6282051282051282
3.1464718167071286,0.016325060566802933,-36.91982374881714,0.008915353979930417,-22.852935263421532,0.7058319979131565,-24.429488972755074,0.6988466196830007,-36.91982370061343,0.008915353341954,3.1464719239657017,0.016325060637384575,-24.429488969270015,0.698846619826758,-22.85293526345524,0.7058319978859529,-22.852326852113293,0.7059639552595145,-24.42969341267817,0.6982425508143504,3.1712044384549043,0.01670637964332061,-36.93910961671694,0.01097598004667685,-24.429693416142612,0.6982425506751582,-22.85232685207176,0.7059639552876873,-36.93910965943598,0.010975980799589252,3.1712043107436636,0.01670637947940696,1.5938775510204082,0.6274007682458387
2.938865419703671,0.01659410855470743,-37.55438973290037,0.009710766458144325,-23.376142797206178,0.7080512716301147,-24.952710026698586,0.6965954155941876,-37.554389679175124,0.009710765853024045,2.938865509788487,0.016594109541152157,-24.952710023431724,0.6965954149317677,-23.37614279722171,0.7080512715674835,-23.375533766695092,0.7081892129660834,-24.952875815390705,0.6959850765585756,2.928648375526091,0.017108206484501527,-37.57396902037469,0.011918573858472389,-24.9528758186426,0.6959850772251814,-23.375533766676362,0.7081892130318488,-37.57396906865558,0.011918574578479535,2.928648268990531,0.01710820527962106,1.5959183673469388,0.6265984654731458
2.6965977993964643,0.015391275769217871,-38.17498303516238,0.010318135108730673,-23.89802077509831,0.7103216739239963,-25.47457333874775,0.6943953638242317,-38.174982975030304,0.010318134555295715,2.69659785556757,0.015391277381403029,-25.474573335962177,0.6943953624553885,-23.898020775072343,0.7103216738401331,-23.897410802949445,0.7104691438440448,-25.474699224250237,0.6937846288163925,2.6435917066433574,0.015901241848516306,-38.19487442450599,0.012625040111219732,-25.474699227027497,0.6937846301860526,-23.897410802977696,0.7104691439301564,-38.194874479260136,0.012625040776697488,2.6435916352389772,0.01590123993017821,1.5979591836734695,0.6257982120051085
2.4280773208799613,0.012707161649504242,-38.78748079865804,0.010700804673932841,-24.418605208786303,0.7126361823179556,-25.99512110630263,0.6922438097154417,-38.78748073151906,0.010700804190525581,2.428077325939751,0.012707163506568414,-25.995121104234013,0.6922438078002565,-24.4186052087147,0.7126361822351661,-24.417997688534047,0.7127961113638286,-25.99521016548001,0.6916379789355815,2.3130902745197717,0.013131829494161617,-38.807625525454206,0.01305266384070789,-25.99521016754526,0.6916379808452865,-24.417997688612264,0.7127961114452477,-38.807625587357336,0.013052664430378795,2.3130902507326576,0.01313182725385483,1.6,0.625
