s11a,s11m,s31a,s31m,s41a,s41m,s21a,s21m,s22m,s22a,s33m,s33a,s44m,s44a,s12m,s12a,s34m,s34a,s43m,s43a,s13m,s13a,s24m,s24a,s42m,s42a,s14m,s14a,s23m,s23a,s32m,s32a,wavelengths,freqs
2.4258661549433045,0.043060487988339065,-2.653078668079691,0.9533083719978945,-0.48955340480445064,0.007920245639886579,-0.49055162289982884,0.010281948066476213,0.043060487988339065,2.4258661549433045,0.043060487988339065,2.4258661549433045,0.043060487988339065,2.4258661549433045,0.010281948066476213,-0.49055162289982884,0.010281948066476213,-0.49055162289982884,0.010281948066476213,-0.49055162289982884,0.9533083719978945,-2.653078668079691,0.9533083719978945,-2.653078668079691,0.9533083719978945,-2.653078668079691,0.007920245639886579,-0.48955340480445064,0.007920245639886579,-0.48955340480445064,0.007920245639886579,-0.48955340480445064,1.5,0.6666666666666666
2.348097311823561,0.03783428586153647,-2.818245866841021,0.9525171092706788,-0.6711790246590436,0.007639760298144976,-0.6721513486274786,0.009907891811026736,0.03783428586153647,2.348097311823561,0.03783428586153647,2.348097311823561,0.03783428586153647,2.348097311823561,0.009907891811026736,-0.6721513486274786,0.009907891811026736,-0.6721513486274786,0.009907891811026736,-0.6721513486274786,0.9525171092706788,-2.818245866841021,0.9525171092706788,-2.818245866841021,0.9525171092706788,-2.818245866841021,0.007639760298144976,-0.6711790246590436,0.007639760298144976,-0.6711790246590436,0.007639760298144976,-0.6711790246590436,1.5020408163265306,0.6657608695652174
2.282292492525083,0.032297278756263585,-2.9828319070495612,0.9514784408350941,-0.8449862563750108,0.0073868812151288085,-0.8458734350845928,0.009570209219690552,0.032297278756263585,2.282292492525083,0.032297278756263585,2.282292492525083,0.032297278756263585,2.282292492525083,0.009570209219690552,-0.8458734350845928,0.009570209219690552,-0.8458734350845928,0.009570209219690552,-0.8458734350845928,0.9514784408350941,-2.9828319070495612,0.9514784408350941,-2.9828319070495612,0.9514784408350941,-2.9828319070495612,0.0073868812151288085,-0.8449862563750108,0.0073868812151288085,-0.8449862563750108,0.0073868812151288085,-0.8449862563750108,1.5040816326530613,0.6648575305291723
2.23580627154066,0.026563031333032876,-3.1467948970800754,0.9502088699696241,-1.0117533405530674,0.007167153762507539,-1.0124977799490602,0.009276255075469244,0.026563031333032876,2.23580627154066,0.026563031333032876,2.23580627154066,0.026563031333032876,2.23580627154066,0.009276255075469244,-1.0124977799490602,0.009276255075469244,-1.0124977799490602,0.009276255075469244,-1.0124977799490602,0.9502088699696241,-3.1467948970800754,0.9502088699696241,-3.1467948970800754,0.9502088699696241,-3.1467948970800754,0.007167153762507539,-1.0117533405530674,0.007167153762507539,-1.0117533405530674,0.007167153762507539,-1.0117533405530674,1.506122448979592,0.6639566395663956
2.2242673207120065,0.020781618022484568,-3.310092963662252,0.9487319021037817,-1.1724945061592478,0.006984161258756225,-1.1730541023115,0.009030756763865314,0.020781618022484568,2.2242673207120065,0.020781618022484568,2.2242673207120065,0.020781618022484568,2.2242673207120065,0.009030756763865314,-1.1730541023115,0.009030756763865314,-1.1730541023115,0.009030756763865314,-1.1730541023115,0.9487319021037817,-3.310092963662252,0.9487319021037817,-3.310092963662252,0.9487319021037817,-3.310092963662252,0.006984161258756225,-1.1724945061592478,0.006984161258756225,-1.1724945061592478,0.006984161258756225,-1.1724945061592478,1.5081632653061225,0.6630581867388362
2.284838179292004,0.015210695015741797,-3.4726856574522564,0.9470798860236962,-1.3284076121911295,0.00683951624339146,-1.3287666153740818,0.008835772297312736,0.015210695015741797,2.284838179292004,0.015210695015741797,2.284838179292004,0.015210695015741797,2.284838179292004,0.008835772297312736,-1.3287666153740818,0.008835772297312736,-1.3287666153740818,0.008835772297312736,-1.3287666153740818,0.9470798860236962,-3.4726856574522564,0.9470798860236962,-3.4726856574522564,0.9470798860236962,-3.4726856574522564,0.00683951624339146,-1.3284076121911295,0.00683951624339146,-1.3284076121911295,0.00683951624339146,-1.3284076121911295,1.510204081632653,0.6621621621621622
2.5125892157233465,0.01046116324925869,-3.634536882807646,0.9452952563065817,-1.480795623443495,0.006732929124370629,-1.4809689369932402,0.008690772934273701,0.01046116324925869,2.5125892157233465,0.01046116324925869,2.5125892157233465,0.01046116324925869,2.5125892157233465,0.008690772934273701,-1.4809689369932402,0.008690772934273701,-1.4809689369932402,0.008690772934273701,-1.4809689369932402,0.9452952563065817,-3.634536882807646,0.9452952563065817,-3.634536882807646,0.9452952563065817,-3.634536882807646,0.006732929124370629,-1.480795623443495,0.006732929124370629,-1.480795623443495,0.006732929124370629,-1.480795623443495,1.5122448979591836,0.6612685560053981
3.0485780846374557,0.008181756887731649,-3.795618898446099,0.9434304002488312,-1.6309710396024653,0.006662354449166297,-1.6310003216367543,0.00859285559206046,0.008181756887731649,3.0485780846374557,0.008181756887731649,3.0485780846374557,0.008181756887731649,3.0485780846374557,0.00859285559206046,-1.6310003216367543,0.00859285559206046,-1.6310003216367543,0.00859285559206046,-1.6310003216367543,0.9434304002488312,-3.795618898446099,0.9434304002488312,-3.795618898446099,0.9434304002488312,-3.795618898446099,0.006662354449166297,-1.6309710396024653,0.006662354449166297,-1.6309710396024653,0.006662354449166297,-1.6309710396024653,1.5142857142857142,0.6603773584905661
3.598859798441084,0.009997192777795177,-3.9559165525210958,0.9415457169683968,-1.780157425960797,0.006624211533172627,-1.7801002090953046,0.008537076496625107,0.009997192777795177,3.598859798441084,0.009997192777795177,3.598859798441084,0.009997192777795177,3.598859798441084,0.008537076496625107,-1.7801002090953046,0.008537076496625107,-1.7801002090953046,0.008537076496625107,-1.7801002090953046,0.9415457169683968,-3.9559165525210958,0.9415457169683968,-3.9559165525210958,0.9415457169683968,-3.9559165525210958,0.006624211533172627,-1.780157425960797,0.006624211533172627,-1.780157425960797,0.006624211533172627,-1.780157425960797,1.5163265306122449,0.6594885598923285
3.8425316571591543,0.01413894974711091,-4.115430761523603,0.9397059065608729,-1.9294034051389275,0.006613669715721803,-1.9293188218961108,0.008516881011177273,0.01413894974711091,3.8425316571591543,0.01413894974711091,3.8425316571591543,0.01413894974711091,3.8425316571591543,0.008516881011177273,-1.9293188218961108,0.008516881011177273,-1.9293188218961108,0.008516881011177273,-1.9293188218961108,0.9397059065608729,-4.115430761523603,0.9397059065608729,-4.115430761523603,0.9397059065608729,-4.115430761523603,0.006613669715721803,-1.9294034051389275,0.006613669715721803,-1.9294034051389275,0.006613669715721803,-1.9294034051389275,1.5183673469387755,0.6586021505376344
3.915392901778443,0.018828675058925732,-4.274180353161239,0.9379749858932414,-2.0795211503466096,0.006624981619473085,-2.079456643750256,0.00852459227941402,0.018828675058925732,3.915392901778443,0.018828675058925732,3.915392901778443,0.018828675058925732,3.915392901778443,0.00852459227941402,-2.079456643750256,0.00852459227941402,-2.079456643750256,0.00852459227941402,-2.079456643750256,0.9379749858932414,-4.274180353161239,0.9379749858932414,-4.274180353161239,0.9379749858932414,-4.274180353161239,0.006624981619473085,-2.0795211503466096,0.006624981619473085,-2.0795211503466096,0.006624981619473085,-2.0795211503466096,1.5204081632653061,0.6577181208053691
3.917214381549977,0.023432592493754928,-4.432201725550327,0.9364108517223777,-2.231055003846336,0.0066518433980825705,-2.2310374538751807,0.00855191808845821,0.023432592493754928,3.917214381549977,0.023432592493754928,3.917214381549977,0.023432592493754928,3.917214381549977,0.00855191808845821,-2.2310374538751807,0.00855191808845821,-2.2310374538751807,0.00855191808845821,-2.2310374538751807,0.9364108517223777,-4.432201725550327,0.9364108517223777,-4.432201725550327,0.9364108517223777,-4.432201725550327,0.0066518433980825705,-2.231055003846336,0.0066518433980825705,-2.231055003846336,0.0066518433980825705,-2.231055003846336,1.5224489795918368,0.6568364611260054
3.8876406102660708,0.027720313528452334,-4.589546238019088,0.935060327337016,-2.384279024031378,0.006687760456947555,-2.3843117779526413,0.0085904410938908,0.027720313528452334,3.8876406102660708,0.027720313528452334,3.8876406102660708,0.027720313528452334,3.8876406102660708,0.0085904410938908,-2.3843117779526413,0.0085904410938908,-2.3843117779526413,0.0085904410938908,-2.3843117779526413,0.935060327337016,-4.589546238019088,0.935060327337016,-4.589546238019088,0.935060327337016,-4.589546238019088,0.006687760456947555,-2.384279024031378,0.006687760456947555,-2.384279024031378,0.006687760456947555,-2.384279024031378,1.5244897959183674,0.6559571619812583
3.8437859034764648,0.03160336204749956,-4.7462757181088495,0.9339555242931918,-2.539217416214512,0.006726399744599281,-2.5392827972811998,0.008632067965656427,0.03160336204749956,3.8437859034764648,0.03160336204749956,3.8437859034764648,0.03160336204749956,3.8437859034764648,0.008632067965656427,-2.5392827972811998,0.008632067965656427,-2.5392827972811998,0.008632067965656427,-2.5392827972811998,0.9339555242931918,-4.7462757181088495,0.9339555242931918,-4.7462757181088495,0.9339555242931918,-4.7462757181088495,0.006726399744599281,-2.539217416214512,0.006726399744599281,-2.539217416214512,0.006726399744599281,-2.539217416214512,1.526530612244898,0.6550802139037433
3.7940322944992646,0.035065734969067085,-4.902456835459411,0.9331120707283462,-2.6956799038661448,0.006761913365411194,-2.6957455678248743,0.008669422846958052,0.035065734969067085,3.7940322944992646,0.035065734969067085,3.7940322944992646,0.035065734969067085,3.7940322944992646,0.008669422846958052,-2.6957455678248743,0.008669422846958052,-2.6957455678248743,0.008669422846958052,-2.6957455678248743,0.9331120707283462,-4.902456835459411,0.9331120707283462,-4.902456835459411,0.9331120707283462,-4.902456835459411,0.006761913365411194,-2.6956799038661448,0.006761913365411194,-2.6956799038661448,0.006761913365411194,-2.6956799038661448,1.5285714285714287,0.6542056074766355
3.7427787461936677,0.03814022835675417,-5.0581552784711254,0.9325293815711487,-2.8533047164652605,0.006789221070266824,-2.8533318625414386,0.00869617643571792,0.03814022835675417,3.7427787461936677,0.03814022835675417,3.7427787461936677,0.03814022835675417,3.7427787461936677,0.00869617643571792,-2.8533318625414386,0.00869617643571792,-2.8533318625414386,0.00869617643571792,-2.8533318625414386,0.9325293815711487,-5.0581552784711254,0.9325293815711487,-5.0581552784711254,0.9325293815711487,-5.0581552784711254,0.006789221070266824,-2.8533047164652605,0.006789221070266824,-2.8533047164652605,0.006789221070266824,-2.8533047164652605,1.530612244897959,0.6533333333333333
3.6922190167139948,0.040894466638487045,-5.2134306464917,0.932192763716711,-3.0116038612106872,0.00680424038487549,-3.0115555420560187,0.008707303533761979,0.040894466638487045,3.6922190167139948,0.040894466638487045,3.6922190167139948,0.040894466638487045,3.6922190167139948,0.008707303533761979,-3.0115555420560187,0.008707303533761979,-3.0115555420560187,0.008707303533761979,-3.0115555420560187,0.932192763716711,-5.2134306464917,0.932192763716711,-5.2134306464917,0.932192763716711,-5.2134306464917,0.00680424038487549,-3.0116038612106872,0.00680424038487549,-3.0116038612106872,0.00680424038487549,-3.0116038612106872,1.5326530612244897,0.6524633821571239
3.6430738894382872,0.043416820156141005,-5.368332760968383,0.932076840788217,-3.170007583451813,0.006804053236091063,-3.1698558543034867,0.008699260757962433,0.043416820156141005,3.6430738894382872,0.043416820156141005,3.6430738894382872,0.043416820156141005,3.6430738894382872,0.008699260757962433,-3.1698558543034867,0.008699260757962433,-3.1698558543034867,0.008699260757962433,-3.1698558543034867,0.932076840788217,-5.368332760968383,0.932076840788217,-5.368332760968383,0.932076840788217,-5.368332760968383,0.006804053236091063,-3.170007583451813,0.006804053236091063,-3.170007583451813,0.006804053236091063,-3.170007583451813,1.5346938775510204,0.6515957446808511
3.594965565690234,0.045799953269950684,-5.52289976524969,0.9321496034681859,-3.327906682092479,0.006786998154221828,-3.3276378232023895,0.00867007475388169,0.045799953269950684,3.594965565690234,0.045799953269950684,3.594965565690234,0.045799953269950684,3.594965565690234,0.00867007475388169,-3.3276378232023895,0.00867007475388169,-3.3276378232023895,0.00867007475388169,-3.3276378232023895,0.9321496034681859,-5.52289976524969,0.9321496034681859,-5.52289976524969,0.9321496034681859,-5.52289976524969,0.006786998154221828,-3.327906682092479,0.006786998154221828,-3.327906682092479,0.006786998154221828,-3.327906682092479,1.536734693877551,0.650730411686587
3.5467173990507375,0.0481231335126187,-5.6771580090158285,0.9323763669206099,-3.48469233898088,0.0067526787348859505,-3.484309754870065,0.00861933183740238,0.0481231335126187,3.5467173990507375,0.0481231335126187,3.5467173990507375,0.0481231335126187,3.5467173990507375,0.00861933183740238,-3.484309754870065,0.00861933183740238,-3.484309754870065,0.00861933183740238,-3.484309754870065,0.9323763669206099,-5.6771580090158285,0.9323763669206099,-5.6771580090158285,0.9323763669206099,-5.6771580090158285,0.0067526787348859505,-3.48469233898088,0.0067526787348859505,-3.48469233898088,0.0067526787348859505,-3.48469233898088,1.5387755102040817,0.649867374005305
3.496684932553063,0.05043635809318922,-5.831123384991976,0.9327230367682418,-3.639793337857327,0.006701882856599147,-3.639317973531615,0.008548063687718434,0.05043635809318922,3.496684932553063,0.05043635809318922,3.496684932553063,0.05043635809318922,3.496684932553063,0.008548063687718434,-3.639317973531615,0.008548063687718434,-3.639317973531615,0.008548063687718434,-3.639317973531615,0.9327230367682418,-5.831123384991976,0.9327230367682418,-5.831123384991976,0.9327230367682418,-5.831123384991976,0.006701882856599147,-3.639793337857327,0.006701882856599147,-3.639793337857327,0.006701882856599147,-3.639793337857327,1.5408163265306123,0.6490066225165563
3.4431144065726,0.05274980731756136,-5.984803569423111,0.9331583095096424,-3.7927101174196194,0.006636413353603949,-3.7921783923987276,0.00845853068361248,0.05274980731756136,3.4431144065726,0.05274980731756136,3.4431144065726,0.05274980731756136,3.4431144065726,0.00845853068361248,-3.7921783923987276,0.00845853068361248,-3.7921783923987276,0.00845853068361248,-3.7921783923987276,0.9331583095096424,-5.984803569423111,0.9331583095096424,-5.984803569423111,0.9331583095096424,-5.984803569423111,0.006636413353603949,-3.7927101174196194,0.006636413353603949,-3.7927101174196194,0.006636413353603949,-3.7927101174196194,1.542857142857143,0.6481481481481481
3.384462684549311,0.05503090765087952,-6.138200547076683,0.9336547023121248,-3.9430442150907363,0.006558839095101847,-3.942503640568867,0.008353914082239022,0.05503090765087952,3.384462684549311,0.05503090765087952,3.384462684549311,0.05503090765087952,3.384462684549311,0.008353914082239022,-3.942503640568867,0.008353914082239022,-3.942503640568867,0.008353914082239022,-3.942503640568867,0.9336547023121248,-6.138200547076683,0.9336547023121248,-6.138200547076683,0.9336547023121248,-6.138200547076683,0.006558839095101847,-3.9430442150907363,0.006558839095101847,-3.9430442150907363,0.006558839095101847,-3.9430442150907363,1.5448979591836736,0.6472919418758256
3.3196084869012776,0.05720899114958809,-6.291312871539919,0.934188556613543,-4.090520576485611,0.006472185001751392,-4.090023454836017,0.008237939415333384,0.05720899114958809,3.3196084869012776,0.05720899114958809,3.3196084869012776,0.05720899114958809,3.3196084869012776,0.008237939415333384,-4.090023454836017,0.008237939415333384,-4.090023454836017,0.008237939415333384,-4.090023454836017,0.934188556613543,-6.291312871539919,0.934188556613543,-6.291312871539919,0.934188556613543,-6.291312871539919,0.006472185001751392,-4.090520576485611,0.006472185001751392,-4.090520576485611,0.006472185001751392,-4.090520576485611,1.5469387755102042,0.646437994722955
3.2479264925253006,0.05918543893680288,-6.444137285157327,0.9347393376464226,-4.234999312138541,0.006379589415339719,-4.234595240926646,0.008114464848568915,0.05918543893680288,3.2479264925253006,0.05918543893680288,3.2479264925253006,0.05918543893680288,3.2479264925253006,0.008114464848568915,-4.234595240926646,0.008114464848568915,-4.234595240926646,0.008114464848568915,-4.234595240926646,0.9347393376464226,-6.444137285157327,0.9347393376464226,-6.444137285157327,0.9347393376464226,-6.444137285157327,0.006379589415339719,-4.234999312138541,0.006379589415339719,-4.234999312138541,0.006379589415339719,-4.234999312138541,1.5489795918367348,0.6455862977602107
3.1692458734598765,0.0608462751785639,-6.596669544333908,0.9352886294626974,-4.3764732807880975,0.006283965942516125,-4.376201542826547,0.00798707803749431,0.0608462751785639,3.1692458734598765,0.0608462751785639,3.1692458734598765,0.0608462751785639,3.1692458734598765,0.00798707803749431,-4.376201542826547,0.00798707803749431,-4.376201542826547,0.00798707803749431,-4.376201542826547,0.9352886294626974,-6.596669544333908,0.9352886294626974,-6.596669544333908,0.9352886294626974,-6.596669544333908,0.006283965942516125,-4.3764732807880975,0.006283965942516125,-4.3764732807880975,0.006283965942516125,-4.3764732807880975,1.5510204081632653,0.6447368421052632
3.083741834414959,0.06207450707705716,-6.748904507363232,0.9358192017019734,-4.51504886662485,0.006187712315469478,-4.514932055236981,0.007858750867433154,0.06207450707705716,3.083741834414959,0.06207450707705716,3.083741834414959,0.06207450707705716,3.083741834414959,0.007858750867433154,-4.514932055236981,0.007858750867433154,-4.514932055236981,0.007858750867433154,-4.514932055236981,0.9358192017019734,-6.748904507363232,0.9358192017019734,-6.748904507363232,0.9358192017019734,-6.748904507363232,0.006187712315469478,-4.51504886662485,0.006187712315469478,-4.51504886662485,0.006187712315469478,-4.51504886662485,1.5530612244897959,0.6438896189224704
2.9918073770489855,0.0627604934669277,-6.900835698139709,0.9363144233054229,-4.650909722566938,0.00609250844595205,-4.650949963107105,0.0077316006821830496,0.0627604934669277,2.9918073770489855,0.0627604934669277,2.9918073770489855,0.0627604934669277,2.9918073770489855,0.0077316006821830496,-4.650949963107105,0.0077316006821830496,-4.650949963107105,0.0077316006821830496,-4.650949963107105,0.9363144233054229,-6.900835698139709,0.9363144233054229,-6.900835698139709,0.9363144233054229,-6.900835698139709,0.00609250844595205,-4.650909722566938,0.00609250844595205,-4.650909722566938,0.00609250844595205,-4.650909722566938,1.5551020408163265,0.6430446194225722
2.8939356799057387,0.06280963372864054,-7.0524546356862166,0.9367581567314373,-4.7842667353876145,0.005999237675884149,-4.784445506112493,0.007606797038930754,0.06280963372864054,2.8939356799057387,0.06280963372864054,2.8939356799057387,0.06280963372864054,2.8939356799057387,0.007606797038930754,-4.784445506112493,0.007606797038930754,-4.784445506112493,0.007606797038930754,-4.784445506112493,0.9367581567314373,-7.0524546356862166,0.9367581567314373,-7.0524546356862166,0.9367581567314373,-7.0524546356862166,0.005999237675884149,-4.7842667353876145,0.005999237675884149,-4.7842667353876145,0.005999237675884149,-4.7842667353876145,1.5571428571428572,0.6422018348623854
2.7906252594271295,0.06214737622829772,-7.203750214874793,0.9371351238001029,-4.915301065732793,0.005908049055939352,-4.915582916989697,0.007484634516180337,0.06214737622829772,2.7906252594271295,0.06214737622829772,2.7906252594271295,0.06214737622829772,2.7906252594271295,0.007484634516180337,-4.915582916989697,0.007484634516180337,-4.915582916989697,0.007484634516180337,-4.915582916989697,0.9371351238001029,-7.203750214874793,0.9371351238001029,-7.203750214874793,0.9371351238001029,-7.203750214874793,0.005908049055939352,-4.915301065732793,0.005908049055939352,-4.915301065732793,0.005908049055939352,-4.915301065732793,1.5591836734693878,0.6413612565445026
2.682307209520403,0.06072192136829796,-7.354708355590616,0.9374316239353393,-5.0441095824270565,0.005818556874994106,-5.044449191654907,0.0073647674391369156,0.06072192136829796,2.682307209520403,0.06072192136829796,2.682307209520403,0.06072192136829796,2.682307209520403,0.0073647674391369156,-5.044449191654907,0.0073647674391369156,-5.044449191654907,0.0073647674391369156,-5.044449191654907,0.9374316239353393,-7.354708355590616,0.9374316239353393,-7.354708355590616,0.9374316239353393,-7.354708355590616,0.005818556874994106,-5.0441095824270565,0.005818556874994106,-5.0441095824270565,0.005818556874994106,-5.0441095824270565,1.5612244897959184,0.6405228758169934
2.5692864984333688,0.05850513929761883,-7.505312035363159,0.9376364265903041,-5.170662474042955,0.005730151497917405,-5.171013728631045,0.007246576931548721,0.05850513929761883,2.5692864984333688,0.05850513929761883,2.5692864984333688,0.05850513929761883,2.5692864984333688,0.007246576931548721,-5.171013728631045,0.007246576931548721,-5.171013728631045,0.007246576931548721,-5.171013728631045,0.9376364265903041,-7.505312035363159,0.9376364265903041,-7.505312035363159,0.9376364265903041,-7.505312035363159,0.005730151497917405,-5.170662474042955,0.005730151497917405,-5.170662474042955,0.005730151497917405,-5.170662474042955,1.563265306122449,0.639686684073107
2.451684621442094,0.055492244912429746,-7.6555417164662884,0.9377416553551103,-5.29478130118718,0.00564237810988693,-5.295106688615661,0.0071296203047705705,0.055492244912429746,2.451684621442094,0.055492244912429746,2.451684621442094,0.055492244912429746,2.451684621442094,0.0071296203047705705,-5.295106688615661,0.0071296203047705705,-5.295106688615661,0.0071296203047705705,-5.295106688615661,0.9377416553551103,-7.6555417164662884,0.9377416553551103,-7.6555417164662884,0.9377416553551103,-7.6555417164662884,0.00564237810988693,-5.29478130118718,0.00564237810988693,-5.29478130118718,0.00564237810988693,-5.29478130118718,1.5653061224489797,0.6388526727509778
2.3293647397284674,0.05170074570284876,-7.805376099830061,0.9377435202502666,-5.416143122144865,0.005555330498080057,-5.4164216815784405,0.007014101231374014,0.05170074570284876,2.3293647397284674,0.05170074570284876,2.3293647397284674,0.05170074570284876,2.3293647397284674,0.007014101231374014,-5.4164216815784405,0.007014101231374014,-5.4164216815784405,0.007014101231374014,-5.4164216815784405,0.9377435202502666,-7.805376099830061,0.9377435202502666,-7.805376099830061,0.9377435202502666,-7.805376099830061,0.005555330498080057,-5.416143122144865,0.005555330498080057,-5.416143122144865,0.005555330498080057,-5.416143122144865,1.5673469387755103,0.6380208333333333
2.2018064876936507,0.047169145400595254,-7.954793099752489,0.9376428157449748,-5.534313683283413,0.005470005537038958,-5.534546031584902,0.006901296651149981,0.047169145400595254,2.2018064876936507,0.047169145400595254,2.2018064876936507,0.047169145400595254,2.2018064876936507,0.006901296651149981,-5.534546031584902,0.006901296651149981,-5.534546031584902,0.006901296651149981,-5.534546031584902,0.9376428157449748,-7.954793099752489,0.9376428157449748,-7.954793099752489,0.9376428157449748,-7.954793099752489,0.005470005537038958,-5.534313683283413,0.005470005537038958,-5.534313683283413,0.005470005537038958,-5.534313683283413,1.569387755102041,0.6371911573472041
2.067861842237673,0.04195589794058115,-8.103770936090108,0.937445160962825,-5.648810529770177,0.005388567962267599,-5.649019866102672,0.006793880127895119,0.04195589794058115,2.067861842237673,0.04195589794058115,2.067861842237673,0.04195589794058115,2.067861842237673,0.006793880127895119,-5.649019866102672,0.006793880127895119,-5.649019866102672,0.006793880127895119,-5.649019866102672,0.937445160962825,-8.103770936090108,0.937445160962825,-8.103770936090108,0.937445160962825,-8.103770936090108,0.005388567962267599,-5.648810529770177,0.005388567962267599,-5.648810529770177,0.005388567962267599,-5.648810529770177,1.5714285714285714,0.6363636363636364
1.925224559572003,0.03613929051690047,-8.252289271289762,0.9371609960546793,-5.75919468110762,0.005314481158168498,-5.7594231268470715,0.006696087910283837,0.03613929051690047,1.925224559572003,0.03613929051690047,1.925224559572003,0.03613929051690047,1.925224559572003,0.006696087910283837,-5.7594231268470715,0.006696087910283837,-5.7594231268470715,0.006696087910283837,-5.7594231268470715,0.9371609960546793,-8.252289271289762,0.9371609960546793,-8.252289271289762,0.9371609960546793,-8.252289271289762,0.005314481158168498,-5.75919468110762,0.005314481158168498,-5.75919468110762,0.005314481158168498,-5.75919468110762,1.573469387755102,0.6355382619974059
1.7691391217597767,0.02981974132191817,-8.400330357603414,0.9368053560713944,-5.865185640872933,0.005252466895612694,-5.8654858667710625,0.0066136818924300905,0.02981974132191817,1.7691391217597767,0.02981974132191817,1.7691391217597767,0.02981974132191817,1.7691391217597767,0.0066136818924300905,-5.8654858667710625,0.0066136818924300905,-5.8654858667710625,0.0066136818924300905,-5.8654858667710625,0.9368053560713944,-8.400330357603414,0.9368053560713944,-8.400330357603414,0.9368053560713944,-8.400330357603414,0.005252466895612694,-5.865185640872933,0.005252466895612694,-5.865185640872933,0.005252466895612694,-5.865185640872933,1.5755102040816327,0.6347150259067358
1.588752130502023,0.023129341759542132,-8.547880183802203,0.9363974250419844,-5.966787249176898,0.005208267882478171,-5.967210264208277,0.006553676005802233,0.023129341759542132,1.588752130502023,0.023129341759542132,1.588752130502023,0.023129341759542132,1.588752130502023,0.006553676005802233,-5.967210264208277,0.006553676005802233,-5.967210264208277,0.006553676005802233,-5.967210264208277,0.9363974250419844,-8.547880183802203,0.9363974250419844,-8.547880183802203,0.9363974250419844,-8.547880183802203,0.005208267882478171,-5.966787249176898,0.005208267882478171,-5.966787249176898,0.005208267882478171,-5.966787249176898,1.5775510204081633,0.6338939197930142
1.3543258555554487,0.01627001004276112,-8.694929606528595,0.9359598431540734,-6.0644011820532455,0.0051882078639005295,-6.064982492274078,0.006523816588782949,0.01627001004276112,1.3543258555554487,0.01627001004276112,1.3543258555554487,0.01627001004276112,1.3543258555554487,0.006523816588782949,-6.064982492274078,0.006523816588782949,-6.064982492274078,0.006523816588782949,-6.064982492274078,0.9359598431540734,-8.694929606528595,0.9359598431540734,-8.694929606528595,0.9359598431540734,-8.694929606528595,0.0051882078639005295,-6.0644011820532455,0.0051882078639005295,-6.0644011820532455,0.0051882078639005295,-6.0644011820532455,1.579591836734694,0.6330749354005167
0.9566271228893086,0.00971755006543415,-8.84147541721796,0.9355177187325578,-6.158894638313555,0.005198580905419526,-6.1596424020937555,0.00653185046543371,0.00971755006543415,0.9566271228893086,0.00971755006543415,0.9566271228893086,0.00971755006543415,0.9566271228893086,0.00653185046543371,-6.1596424020937555,0.00653185046543371,-6.1596424020937555,0.00653185046543371,-6.1596424020937555,0.9355177187325578,-8.84147541721796,0.9355177187325578,-8.84147541721796,0.9355177187325578,-8.84147541721796,0.005198580905419526,-6.158894638313555,0.005198580905419526,-6.158894638313555,0.005198580905419526,-6.158894638313555,1.5816326530612246,0.632258064516129
-0.04278502802801287,0.005767152598818542,-8.987521242237051,0.9350973013479834,-6.2515874341931434,0.005244952513729052,-6.252476842138791,0.006584675469237165,0.005767152598818542,-0.04278502802801287,0.005767152598818542,-0.04278502802801287,0.005767152598818542,-0.04278502802801287,0.006584675469237165,-6.252476842138791,0.006584675469237165,-6.252476842138791,0.006584675469237165,-6.252476842138791,0.9350973013479834,-8.987521242237051,0.9350973013479834,-8.987521242237051,0.9350973013479834,-8.987521242237051,0.005244952513729052,-6.2515874341931434,0.005244952513729052,-6.2515874341931434,0.005244952513729052,-6.2515874341931434,1.5836734693877552,0.6314432989690721
-1.1185153878767955,0.009086385310776655,-9.133078121971252,0.9347243112175702,-6.344140159959048,0.00533150295470988,-6.345117001729086,0.006687527441263171,0.009086385310776655,-1.1185153878767955,0.009086385310776655,-1.1185153878767955,0.009086385310776655,-1.1185153878767955,0.006687527441263171,-6.345117001729086,0.006687527441263171,-6.345117001729086,0.006687527441263171,-6.345117001729086,0.9347243112175702,-9.133078121971252,0.9347243112175702,-9.133078121971252,0.9347243112175702,-9.133078121971252,0.00533150295470988,-6.344140159959048,0.00533150295470988,-6.344140159959048,0.00533150295470988,-6.344140159959048,1.5857142857142859,0.6306306306306306
-1.5476874558445373,0.015347347345775555,-9.27816458698582,0.9344219892344978,-6.43835886476729,0.005460557428702674,-6.439351970661568,0.006843379751975188,0.015347347345775555,-1.5476874558445373,0.015347347345775555,-1.5476874558445373,0.015347347345775555,-1.5476874558445373,0.006843379751975188,-6.439351970661568,0.006843379751975188,-6.439351970661568,0.006843379751975188,-6.439351970661568,0.9344219892344978,-9.27816458698582,0.9344219892344978,-9.27816458698582,0.9344219892344978,-9.27816458698582,0.005460557428702674,-6.43835886476729,0.005460557428702674,-6.43835886476729,0.005460557428702674,-6.43835886476729,1.5877551020408165,0.6298200514138816
-1.7935461067585974,0.02185234813969399,-9.422806064062542,0.9342090164549314,-6.535967113788568,0.0056324060964677335,-6.536905596387976,0.007052687220022767,0.02185234813969399,-1.7935461067585974,0.02185234813969399,-1.7935461067585974,0.02185234813969399,-1.7935461067585974,0.007052687220022767,-6.536905596387976,0.007052687220022767,-6.536905596387976,0.007052687220022767,-6.536905596387976,0.9342090164549314,-9.422806064062542,0.9342090164549314,-9.422806064062542,0.9342090164549314,-9.422806064062542,0.0056324060964677335,-6.535967113788568,0.0056324060964677335,-6.535967113788568,0.0056324060964677335,-6.535967113788568,1.5897959183673471,0.6290115532734274
-1.981496717314031,0.028052719639670275,-9.567033508814381,0.9340975299589415,-6.638410376606563,0.005845428851024491,-6.639239688459224,0.0073135035958207814,0.028052719639670275,-1.981496717314031,0.028052719639670275,-1.981496717314031,0.028052719639670275,-1.981496717314031,0.0073135035958207814,-6.639239688459224,0.0073135035958207814,-6.639239688459224,0.0073135035958207814,-6.639239688459224,0.9340975299589415,-9.567033508814381,0.9340975299589415,-9.567033508814381,0.9340975299589415,-9.567033508814381,0.005845428851024491,-6.638410376606563,0.005845428851024491,-6.638410376606563,0.005845428851024491,-6.638410376606563,1.5918367346938775,0.6282051282051282
-2.1444511790133176,0.03371999700506887,-9.710881268388363,0.9340915115628121,-6.746740422119519,0.0060964479254948115,-6.747432342483475,0.007621889300864666,0.03371999700506887,-2.1444511790133176,0.03371999700506887,-2.1444511790133176,0.03371999700506887,-2.1444511790133176,0.007621889300864666,-6.747432342483475,0.007621889300864666,-6.747432342483475,0.007621889300864666,-6.747432342483475,0.9340915115628121,-9.710881268388363,0.9340915115628121,-9.710881268388363,0.9340915115628121,-9.710881268388363,0.0060964479254948115,-6.746740422119519,0.0060964479254948115,-6.746740422119519,0.0060964479254948115,-6.746740422119519,1.5938775510204082,0.6274007682458387
-2.293982950456356,0.03870352131945732,-9.854384309375753,0.9341858301548508,-6.861591172660072,0.006381181262275659,-6.862145919574088,0.007972459664656177,0.03870352131945732,-2.293982950456356,0.03870352131945732,-2.293982950456356,0.03870352131945732,-2.293982950456356,0.007972459664656177,-6.862145919574088,0.007972459664656177,-6.862145919574088,0.007972459664656177,-6.862145919574088,0.9341858301548508,-9.854384309375753,0.9341858301548508,-9.854384309375753,0.9341858301548508,-9.854384309375753,0.006381181262275659,-6.861591172660072,0.006381181262275659,-6.861591172660072,0.006381181262275659,-6.861591172660072,1.5959183673469388,0.6265984654731458
-2.434899191016398,0.04288922029819606,-9.99757507700285,0.9343661697494678,-6.983225362998584,0.0066946760999322666,-6.983667031158493,0.008358925554157511,0.04288922029819606,-2.434899191016398,0.04288922029819606,-2.434899191016398,0.04288922029819606,-2.434899191016398,0.008358925554157511,-6.983667031158493,0.008358925554157511,-6.983667031158493,0.008358925554157511,-6.983667031158493,0.9343661697494678,-9.99757507700285,0.9343661697494678,-9.99757507700285,0.9343661697494678,-9.99757507700285,0.0066946760999322666,-6.983225362998584,0.0066946760999322666,-6.983225362998584,0.0066946760999322666,-6.983225362998584,1.5979591836734695,0.6257982120051085
-2.56928921257733,0.046191448189369176,-10.140480354991166,0.9346099762500691,-7.1116176614557,0.007031646715804818,-7.11198575285822,0.008774528572361441,0.046191448189369176,-2.56928921257733,0.046191448189369176,-2.56928921257733,0.046191448189369176,-2.56928921257733,0.008774528572361441,-7.11198575285822,0.008774528572361441,-7.11198575285822,0.008774528572361441,-7.11198575285822,0.9346099762500691,-10.140480354991166,0.9346099762500691,-10.140480354991166,0.9346099762500691,-10.140480354991166,0.007031646715804818,-7.1116176614557,0.007031646715804818,-7.1116176614557,0.007031646715804818,-7.1116176614557,1.6,0.625
