wavelengths,s11a,s22a,s11m,s22m,s12a,s21a,s12m,s21m
1.2,-3.0792908686338856,-3.0792908686338856,0.05616704622751955,0.05616704622751955,3.001586062893841,3.001586062893841,0.0017917351510355636,0.0017917351510355636
1.2023529411764706,-3.0869145693328774,-3.0869145693328774,0.055730207944873454,0.055730207944873454,1.8971622540181352,1.8971622540181352,0.0016763229737993552,0.0016763229737993552
1.204705882352941,-3.0839708518792395,-3.0839708518792395,0.056865711693529185,0.056865711693529185,0.795563879408275,0.795563879408275,0.0015630627529291208,0.0015630627529291208
1.2070588235294117,-3.0738797035606185,-3.0738797035606185,0.0573472557121042,0.0573472557121042,-0.3054467959866618,-0.3054467959866618,0.0014524285728864381,0.0014524285728864381
1.2094117647058824,-3.086276880371114,-3.086276880371114,0.05924663799894053,0.05924663799894053,-1.4055991349759096,-1.4055991349759096,0.0013454606266768338,0.0013454606266768338
1.2117647058823529,-3.061443040763175,-3.061443040763175,0.06039760162808498,0.06039760162808498,-2.5063271130834233,-2.5063271130834233,0.001240600888439511,0.001240600888439511
1.2141176470588235,-3.0470757294928084,-3.0470757294928084,0.06029663082826891,0.06029663082826891,-3.6089403888399114,-3.6089403888399114,0.001141259467443684,0.001141259467443684
1.216470588235294,-3.0317505264588,-3.0317505264588,0.0638983551596033,0.0638983551596033,-4.714432964410624,-4.714432964410624,0.0010470921193935522,0.0010470921193935522
1.2188235294117646,-3.000700363807722,-3.000700363807722,0.06598306897106843,0.06598306897106843,-5.824743893077752,-5.824743893077752,0.00095771437436037,0.00095771437436037
1.2211764705882353,-2.9632031812204853,-2.9632031812204853,0.06818555039799905,0.06818555039799905,-6.943234249325609,-6.943234249325609,0.0008744848209980362,0.0008744848209980362
1.2235294117647058,-2.9137371739877036,-2.9137371739877036,0.0711700003050696,0.0711700003050696,-8.07047302886959,-8.07047302886959,0.0007972627845640112,0.0007972627845640112
1.2258823529411764,-2.828057515130247,-2.828057515130247,0.07523581547400195,0.07523581547400195,-9.212067104748073,-9.212067104748073,0.0007304566368501017,0.0007304566368501017
1.228235294117647,-2.7418587744049594,-2.7418587744049594,0.07656211136217807,0.07656211136217807,-10.370888243076978,-10.370888243076978,0.0006735652957033707,0.0006735652957033707
1.2305882352941175,-2.6187224378377616,-2.6187224378377616,0.07852794044624423,0.07852794044624423,-11.546646103066747,-11.546646103066747,0.0006321096293101403,0.0006321096293101403
1.2329411764705882,-2.464053295408403,-2.464053295408403,0.07759474595452151,0.07759474595452151,-12.742204265852179,-12.742204265852179,0.0006092956149731677,0.0006092956149731677
1.2352941176470589,-2.322230162106817,-2.322230162106817,0.07319977827300189,0.07319977827300189,-13.94078842544157,-13.94078842544157,0.0006106318671175476,0.0006106318671175476
1.2376470588235293,-2.180326395094712,-2.180326395094712,0.06652292091598679,0.06652292091598679,-15.131974559553413,-15.131974559553413,0.0006390746813172973,0.0006390746813172973
1.24,-2.0515609468601697,-2.0515609468601697,0.05893071872240766,0.05893071872240766,-16.297346617958283,-16.297346617958283,0.0006935030795141081,0.0006935030795141081
1.2423529411764704,-1.965097388083288,-1.965097388083288,0.05035594876740656,0.05035594876740656,-17.42784472580742,-17.42784472580742,0.0007724389380814665,0.0007724389380814665
1.244705882352941,-1.9204994819715127,-1.9204994819715127,0.043374449051033104,0.043374449051033104,-18.521131695851818,-18.521131695851818,0.0008705875306731808,0.0008705875306731808
1.2470588235294118,-1.8949956585168084,-1.8949956585168084,0.03638230612810723,0.03638230612810723,-19.580019826147137,-19.580019826147137,0.0009852085453442693,0.0009852085453442693
1.2494117647058822,-1.8801827621514717,-1.8801827621514717,0.03125227522642325,0.03125227522642325,-20.610879056666118,-20.610879056666118,0.0011115938883637694,0.0011115938883637694
1.251764705882353,-1.9035575302351213,-1.9035575302351213,0.026380747337324883,0.026380747337324883,-21.615174112145812,-21.615174112145812,0.0012471748255141705,0.0012471748255141705
1.2541176470588236,-1.9276000565150606,-1.9276000565150606,0.02279672839307513,0.02279672839307513,-22.598426620614116,-22.598426620614116,0.001389115390355428,0.001389115390355428
1.256470588235294,-1.9854259478480278,-1.9854259478480278,0.020131136385524925,0.020131136385524925,-23.563080109533313,-23.563080109533313,0.0015340256197464615,0.0015340256197464615
1.2588235294117647,-2.0242358437439223,-2.0242358437439223,0.017182143596986103,0.017182143596986103,-24.5109940771407,-24.5109940771407,0.001680542517780985,0.001680542517780985
1.2611764705882353,-2.107605478128318,-2.107605478128318,0.015392939647116249,0.015392939647116249,-25.444253778452183,-25.444253778452183,0.0018251103968527904,0.0018251103968527904
1.2635294117647058,-2.1914018081403213,-2.1914018081403213,0.013868663788468391,0.013868663788468391,-26.364354616535383,-26.364354616535383,0.0019645806949635403,0.0019645806949635403
1.2658823529411765,-2.2781530588908128,-2.2781530588908128,0.012591306453131995,0.012591306453131995,-27.272341806118142,-27.272341806118142,0.002096911561058764,0.002096911561058764
1.268235294117647,-2.388863073057422,-2.388863073057422,0.011264693998022155,0.011264693998022155,-28.169064040245534,-28.169064040245534,0.0022185345745872943,0.0022185345745872943
1.2705882352941176,-2.4760551548104006,-2.4760551548104006,0.01025969326919717,0.01025969326919717,-29.055566380371893,-29.055566380371893,0.0023278855731153165,0.0023278855731153165
1.2729411764705882,-2.5960747186743203,-2.5960747186743203,0.009813077245935414,0.009813077245935414,-29.932011948901533,-29.932011948901533,0.0024219320328627675,0.0024219320328627675
1.2752941176470587,-2.720055678664695,-2.720055678664695,0.00914786210438163,0.00914786210438163,-30.799217042440567,-30.799217042440567,0.0024984621305848146,0.0024984621305848146
1.2776470588235294,-2.8226952145213224,-2.8226952145213224,0.008524232233822444,0.008524232233822444,-31.657517781375308,-31.657517781375308,0.0025554692311624324,0.0025554692311624324
1.28,-2.963508572615573,-2.963508572615573,0.00810901780254284,0.00810901780254284,-32.50734223724844,-32.50734223724844,0.002591700719501391,0.002591700719501391
1.2823529411764705,-3.093947681764343,-3.093947681764343,0.007757984014653794,0.007757984014653794,-33.348823209438194,-33.348823209438194,0.00260557828175188,0.00260557828175188
1.2847058823529411,-3.238697263592789,-3.238697263592789,0.007572996676216522,0.007572996676216522,-34.18223878614292,-34.18223878614292,0.0025960583377328352,0.0025960583377328352
1.2870588235294118,-3.3938067890837993,-3.3938067890837993,0.007379277367663969,0.007379277367663969,-35.0075717966006,-35.0075717966006,0.0025628610479787872,0.0025628610479787872
1.2894117647058823,-3.5144897268301216,-3.5144897268301216,0.007313802473992453,0.007313802473992453,-35.82462490964769,-35.82462490964769,0.0025066323772662434,0.0025066323772662434
1.291764705882353,-3.6757913459291944,-3.6757913459291944,0.007339564179294329,0.007339564179294329,-36.63349111186341,-36.63349111186341,0.0024272808053023734,0.0024272808053023734
1.2941176470588236,-3.8469836753609683,-3.8469836753609683,0.007318255210724098,0.007318255210724098,-37.433666759783875,-37.433666759783875,0.0023264137761145236,0.0023264137761145236
1.296470588235294,-4.009080193189173,-4.009080193189173,0.007511134958949219,0.007511134958949219,-38.224644877383575,-38.224644877383575,0.0022049531552200074,0.0022049531552200074
1.2988235294117647,-4.173045541313615,-4.173045541313615,0.007847794757824458,0.007847794757824458,-39.005656718582365,-39.005656718582365,0.0020655583352480167,0.0020655583352480167
1.3011764705882352,-4.347964687345485,-4.347964687345485,0.008303596818221721,0.008303596818221721,-39.775690039879144,-39.775690039879144,0.001910200599171336,0.001910200599171336
1.3035294117647058,-4.5333784592139335,-4.5333784592139335,0.008765038713996715,0.008765038713996715,-40.532597005152006,-40.532597005152006,0.0017419426205293263,0.0017419426205293263
1.3058823529411765,-4.724854739844209,-4.724854739844209,0.009685976196407934,0.009685976196407934,-41.27435064868216,-41.27435064868216,0.0015645563948868848,0.0015645563948868848
1.308235294117647,-4.934899963012878,-4.934899963012878,0.010581502595803266,0.010581502595803266,-41.99683070837284,-41.99683070837284,0.0013820169065558161,0.0013820169065558161
1.3105882352941176,-5.182537685789777,-5.182537685789777,0.011790362633583278,0.011790362633583278,-42.69393341637988,-42.69393341637988,0.0011997640120317182,0.0011997640120317182
1.3129411764705883,-5.432487119756186,-5.432487119756186,0.013433083581223592,0.013433083581223592,-43.35692815585024,-43.35692815585024,0.001024349473721709,0.001024349473721709
1.3152941176470587,-5.741821749316831,-5.741821749316831,0.015449469910795653,0.015449469910795653,-43.97316308303213,-43.97316308303213,0.000864659047304827,0.000864659047304827
1.3176470588235294,-6.106724954730606,-6.106724954730606,0.017923791173507255,0.017923791173507255,-44.52732314318777,-44.52732314318777,0.0007333403658568527,0.0007333403658568527
1.32,-6.53149780886412,-6.53149780886412,0.019606236855167304,0.019606236855167304,-45.013160036702345,-45.013160036702345,0.0006459427997374483,0.0006459427997374483
1.3223529411764705,-7.027571982928008,-7.027571982928008,0.020049163329580833,0.020049163329580833,-45.45481042771935,-45.45481042771935,0.0006152260652894217,0.0006152260652894217
1.3247058823529412,-7.475888912864341,-7.475888912864341,0.018986221721320428,0.018986221721320428,-45.90658435284964,-45.90658435284964,0.0006407325107042991,0.0006407325107042991
1.3270588235294118,-7.895700242245228,-7.895700242245228,0.016861546303386314,0.016861546303386314,-46.41025186900713,-46.41025186900713,0.0007065815739553977,0.0007065815739553977
1.3294117647058823,-8.24332592547794,-8.24332592547794,0.014420258265793953,0.014420258265793953,-46.96968016833431,-46.96968016833431,0.0007922638569350678,0.0007922638569350678
1.331764705882353,-8.540010341932488,-8.540010341932488,0.012755212396404146,0.012755212396404146,-47.57086900335074,-47.57086900335074,0.000883056849209582,0.000883056849209582
1.3341176470588234,-8.80531007669936,-8.80531007669936,0.011400157389439395,0.011400157389439395,-48.20016265126687,-48.20016265126687,0.0009685553619525453,0.0009685553619525453
1.336470588235294,-9.042759287483763,-9.042759287483763,0.010428538290376353,0.010428538290376353,-48.845821562632814,-48.845821562632814,0.0010429417980467373,0.0010429417980467373
1.3388235294117647,-9.293653691862856,-9.293653691862856,0.009532034108637958,0.009532034108637958,-49.50025028452481,-49.50025028452481,0.001102829986064727,0.001102829986064727
1.3411764705882352,-9.550039557161861,-9.550039557161861,0.008967903439640877,0.008967903439640877,-50.157472952675256,-50.157472952675256,0.0011465176501596912,0.0011465176501596912
1.3435294117647059,-9.778305224320338,-9.778305224320338,0.008602141721789863,0.008602141721789863,-50.813558313606,-50.813558313606,0.001173549100620356,0.001173549100620356
1.3458823529411765,-9.996172236031393,-9.996172236031393,0.008340561219734047,0.008340561219734047,-51.464962819610676,-51.464962819610676,0.0011842329983617313,0.0011842329983617313
1.348235294117647,-10.258568216172897,-10.258568216172897,0.00832651144476611,0.00832651144476611,-52.10843108742805,-52.10843108742805,0.001180189562198855,0.001180189562198855
1.3505882352941176,-10.483642038415358,-10.483642038415358,0.008243036380378802,0.008243036380378802,-52.7410787553956,-52.7410787553956,0.0011634424765835667,0.0011634424765835667
1.3529411764705883,-10.747698981337464,-10.747698981337464,0.008348470497906815,0.008348470497906815,-53.35998890145727,-53.35998890145727,0.0011375540620954102,0.0011375540620954102
1.3552941176470588,-11.015020651610172,-11.015020651610172,0.008489315180373517,0.008489315180373517,-53.962163775612325,-53.962163775612325,0.001107173959404306,0.001107173959404306
1.3576470588235294,-11.292813978750633,-11.292813978750633,0.008574074710524111,0.008574074710524111,-54.545356705306794,-54.545356705306794,0.001076932279464437,0.001076932279464437
1.3599999999999999,-11.604308567309584,-11.604308567309584,0.008579326807583334,0.008579326807583334,-55.10887545319342,-55.10887545319342,0.0010542311663353369,0.0010542311663353369
1.3623529411764705,-11.91653122925638,-11.91653122925638,0.00841874155526711,0.00841874155526711,-55.654869514194836,-55.654869514194836,0.0010454475001657826,0.0010454475001657826
1.3647058823529412,-12.237962479816842,-12.237962479816842,0.00823857563014809,0.00823857563014809,-56.18826498304439,-56.18826498304439,0.0010567319555535345,0.0010567319555535345
1.3670588235294117,-12.56990227050642,-12.56990227050642,0.007840999752640866,0.007840999752640866,-56.71740467603169,-56.71740467603169,0.0010924571617355215,0.0010924571617355215
1.3694117647058823,-12.892800534325406,-12.892800534325406,0.007289848614785811,0.007289848614785811,-57.250710011132405,-57.250710011132405,0.0011538431105578128,0.0011538431105578128
1.371764705882353,-13.190737661540604,-13.190737661540604,0.006686379915147707,0.006686379915147707,-57.79479464270753,-57.79479464270753,0.0012394970261594626,0.0012394970261594626
1.3741176470588234,-13.495132178692806,-13.495132178692806,0.006198364955175572,0.006198364955175572,-58.35297986703666,-58.35297986703666,0.0013459488441477402,0.0013459488441477402
1.3764705882352941,-13.759112955592695,-13.759112955592695,0.00561559974512967,0.00561559974512967,-58.92582034477291,-58.92582034477291,0.0014686342226274652,0.0014686342226274652
1.3788235294117648,-14.01061832292545,-14.01061832292545,0.005099093218122786,0.005099093218122786,-59.51177508585867,-59.51177508585867,0.0016027961476950783,0.0016027961476950783
1.3811764705882352,-14.240420293327226,-14.240420293327226,0.004552090300178962,0.004552090300178962,-60.108649099603824,-60.108649099603824,0.0017448024064915053,0.0017448024064915053
1.383529411764706,-14.468253512536283,-14.468253512536283,0.0041843294878304415,0.0041843294878304415,-60.713932586963146,-60.713932586963146,0.0018907788937415043,0.0018907788937415043
1.3858823529411763,-14.677707429953681,-14.677707429953681,0.0038265616202224177,0.0038265616202224177,-61.32549191266371,-61.32549191266371,0.002037901238884407,0.002037901238884407
1.388235294117647,-14.896828057506212,-14.896828057506212,0.003464187306841565,0.003464187306841565,-61.94139719142568,-61.94139719142568,0.0021839681637907914,0.0021839681637907914
1.3905882352941177,-15.093607346105495,-15.093607346105495,0.003190229732408112,0.003190229732408112,-62.560008679606355,-62.560008679606355,0.0023270141513304604,0.0023270141513304604
1.3929411764705881,-15.298933756277627,-15.298933756277627,0.0029608390962493117,0.0029608390962493117,-63.180075855214895,-63.180075855214895,0.0024658140882994816,0.0024658140882994816
1.3952941176470588,-15.520016345322846,-15.520016345322846,0.0027369201738851358,0.0027369201738851358,-63.80044673044915,-63.80044673044915,0.002599460389757161,0.002599460389757161
1.3976470588235295,-15.727775668845482,-15.727775668845482,0.0026031505956963844,0.0026031505956963844,-64.4202669499969,-64.4202669499969,0.002727582863002825,0.002727582863002825
1.4,-15.923951473908602,-15.923951473908602,0.0024644151306545117,0.0024644151306545117,-65.03880579625783,-65.03880579625783,0.002850042766532866,0.002850042766532866
1.4023529411764706,-16.13093833232252,-16.13093833232252,0.002330967692896908,0.002330967692896908,-65.65550004147919,-65.65550004147919,0.0029670570997709605,0.0029670570997709605
1.4047058823529412,-16.331981299716293,-16.331981299716293,0.0022346303521416275,0.0022346303521416275,-66.26985908726866,-66.26985908726866,0.0030792559210360074,0.0030792559210360074
1.4070588235294117,-16.526566322494187,-16.526566322494187,0.002123121227326486,0.002123121227326486,-66.88157544363702,-66.88157544363702,0.003187349340554952,0.003187349340554952
1.4094117647058824,-16.707942791673467,-16.707942791673467,0.002060567664697574,0.002060567664697574,-67.49037781413523,-67.49037781413523,0.0032926242854033074,0.0032926242854033074
1.4117647058823528,-16.91166248726834,-16.91166248726834,0.0019634759803219748,0.0019634759803219748,-68.0961455424617,-68.0961455424617,0.0033962541292365763,0.0033962541292365763
1.4141176470588235,-17.109532540174214,-17.109532540174214,0.0018780599465712969,0.0018780599465712969,-68.69884900007169,-68.69884900007169,0.0034995230883512365,0.0034995230883512365
1.4164705882352941,-17.320189905386677,-17.320189905386677,0.0017964546511021274,0.0017964546511021274,-69.29854075206353,-69.29854075206353,0.0036041127918091413,0.0036041127918091413
1.4188235294117646,-17.51675201170823,-17.51675201170823,0.0017009562712695858,0.0017009562712695858,-69.89531819598552,-69.89531819598552,0.0037115091431885404,0.0037115091431885404
1.4211764705882353,-17.73259740661373,-17.73259740661373,0.0016199614537924306,0.0016199614537924306,-70.48938010449477,-70.48938010449477,0.0038230892753536696,0.0038230892753536696
1.423529411764706,-17.948024746823517,-17.948024746823517,0.0015643268899310108,0.0015643268899310108,-71.08104128154339,-71.08104128154339,0.003939965981799056,0.003939965981799056
1.4258823529411764,-18.16223878912941,-18.16223878912941,0.0015017106645363412,0.0015017106645363412,-71.6705273663658,-71.6705273663658,0.004063540092643736,0.004063540092643736
1.428235294117647,-18.368061957433444,-18.368061957433444,0.0014577584459793149,0.0014577584459793149,-72.25822970215474,-72.25822970215474,0.004194437997647585,0.004194437997647585
1.4305882352941177,-18.608887964209966,-18.608887964209966,0.0014005800008264132,0.0014005800008264132,-72.8444237720578,-72.8444237720578,0.00433308817907985,0.00433308817907985
1.4329411764705882,-18.78813077723959,-18.78813077723959,0.0014050545487611127,0.0014050545487611127,-73.42941870709045,-73.42941870709045,0.0044798623639157745,0.0044798623639157745
1.4352941176470588,-19.006330884434906,-19.006330884434906,0.0013687936075749787,0.0013687936075749787,-74.01346362494914,-74.01346362494914,0.004634455313806518,0.004634455313806518
1.4376470588235293,-19.190069354988225,-19.190069354988225,0.0013555332621924133,0.0013555332621924133,-74.59678838543752,-74.59678838543752,0.004796340175916254,0.004796340175916254
1.44,-19.370143884732286,-19.370143884732286,0.00131103212402318,0.00131103212402318,-75.17952561577606,-75.17952561577606,0.004964644755094213,0.004964644755094213
1.4423529411764706,-19.556808122840703,-19.556808122840703,0.0012806454202742242,0.0012806454202742242,-75.7617772120408,-75.7617772120408,0.005138261231592708,0.005138261231592708
1.444705882352941,-19.726861547468545,-19.726861547468545,0.0012408270202286505,0.0012408270202286505,-76.34362631512894,-76.34362631512894,0.005315699080531967,0.005315699080531967
1.4470588235294117,-19.907017749875532,-19.907017749875532,0.0012019078933864689,0.0012019078933864689,-76.92497478260184,-76.92497478260184,0.005495300665157413,0.005495300665157413
1.4494117647058824,-20.082384423076583,-20.082384423076583,0.001169506046567088,0.001169506046567088,-77.5058124812475,-77.5058124812475,0.005675259451538246,0.005675259451538246
1.4517647058823528,-20.263584833324256,-20.263584833324256,0.0011373410740467545,0.0011373410740467545,-78.08607459418691,-78.08607459418691,0.005853697170224427,0.005853697170224427
1.4541176470588235,-20.436485506137792,-20.436485506137792,0.0011042012718756504,0.0011042012718756504,-78.66553691036401,-78.66553691036401,0.006028466744980265,0.006028466744980265
1.4564705882352942,-20.614331663503247,-20.614331663503247,0.0010758546769898336,0.0010758546769898336,-79.24414230853085,-79.24414230853085,0.006197496795148142,0.006197496795148142
1.4588235294117646,-20.782087240230716,-20.782087240230716,0.0010651284685208806,0.0010651284685208806,-79.82161786862365,-79.82161786862365,0.006358888297078432,0.006358888297078432
1.4611764705882353,-20.95227749513696,-20.95227749513696,0.0010494933513992733,0.0010494933513992733,-80.39781115435142,-80.39781115435142,0.006510358606771806,0.006510358606771806
1.4635294117647057,-21.102107499161733,-21.102107499161733,0.0010442178790953135,0.0010442178790953135,-80.972566265797,-80.972566265797,0.006650143392190681,0.006650143392190681
1.4658823529411764,-21.26795273863919,-21.26795273863919,0.00102871555111681,0.00102871555111681,-81.5455584762569,-81.5455584762569,0.006776337748683564,0.006776337748683564
1.468235294117647,-21.42027200839899,-21.42027200839899,0.001009276750396397,0.001009276750396397,-82.11662774281449,-82.11662774281449,0.00688713111867682,0.00688713111867682
1.4705882352941178,-21.568467524922195,-21.568467524922195,0.0010095080845478235,0.0010095080845478235,-82.68550373617606,-82.68550373617606,0.006981338515965927,0.006981338515965927
1.4729411764705882,-21.72116073810364,-21.72116073810364,0.001002082541998357,0.001002082541998357,-83.2519995128057,-83.2519995128057,0.007057428337985216,0.007057428337985216
1.4752941176470589,-21.875298862703925,-21.875298862703925,0.0009812070575354191,0.0009812070575354191,-83.81579076658262,-83.81579076658262,0.00711441652211814,0.00711441652211814
1.4776470588235295,-22.019771822069654,-22.019771822069654,0.0009761287940823988,0.0009761287940823988,-84.37666677430941,-84.37666677430941,0.0071515148486835265,0.0071515148486835265
1.48,-22.17028547831428,-22.17028547831428,0.0009507484336908952,0.0009507484336908952,-84.93434337649104,-84.93434337649104,0.007168590100176566,0.007168590100176566
1.4823529411764707,-22.336257522410786,-22.336257522410786,0.000941795776058964,0.000941795776058964,-85.48849180948042,-85.48849180948042,0.007165235340957957,0.007165235340957957
1.484705882352941,-22.505075691740043,-22.505075691740043,0.00091800352312057,0.00091800352312057,-86.03885288320386,-86.03885288320386,0.007141882458404589,0.007141882458404589
1.4870588235294118,-22.667160500762197,-22.667160500762197,0.0009171951741184392,0.0009171951741184392,-86.58511521680482,-86.58511521680482,0.0070993636080699165,0.0070993636080699165
1.4894117647058822,-22.857052860990926,-22.857052860990926,0.0009020084673098732,0.0009020084673098732,-87.1269044060362,-87.1269044060362,0.007038661794139107,0.007038661794139107
1.4917647058823529,-23.0342383430306,-23.0342383430306,0.0008973279139185803,0.0008973279139185803,-87.66388849789145,-87.66388849789145,0.006961320626658806,0.006961320626658806
1.4941176470588236,-23.230591538075053,-23.230591538075053,0.0008884110553093465,0.0008884110553093465,-88.19575138138514,-88.19575138138514,0.006869568640371592,0.006869568640371592
1.4964705882352942,-23.414409935095925,-23.414409935095925,0.0009000306108196042,0.0009000306108196042,-88.72208657167914,-88.72208657167914,0.006765908947983055,0.006765908947983055
1.4988235294117647,-23.62404920087671,-23.62404920087671,0.0009108305686059696,0.0009108305686059696,-89.24260179776311,-89.24260179776311,0.0066532762532876665,0.0066532762532876665
1.5011764705882353,-23.818956089790703,-23.818956089790703,0.0009059211883260844,0.0009059211883260844,-89.7569921858155,-89.7569921858155,0.006535226069846148,0.006535226069846148
1.5035294117647058,-24.042041367964313,-24.042041367964313,0.0009125853425397309,0.0009125853425397309,-90.26497573941755,-90.26497573941755,0.0064156114428110195,0.0064156114428110195
1.5058823529411764,-24.25267328244084,-24.25267328244084,0.0009180144701779825,0.0009180144701779825,-90.76638451040124,-90.76638451040124,0.006298597824931415,0.006298597824931415
1.5082352941176471,-24.47890882942743,-24.47890882942743,0.000928051960185831,0.000928051960185831,-91.26121160966314,-91.26121160966314,0.0061886766534360975,0.0061886766534360975
1.5105882352941176,-24.70404447448957,-24.70404447448957,0.0009334690915879441,0.0009334690915879441,-91.74949204110855,-91.74949204110855,0.006090292381096944,0.006090292381096944
1.5129411764705882,-24.948289672740856,-24.948289672740856,0.0009515668877781529,0.0009515668877781529,-92.23159502869255,-92.23159502869255,0.006007737042357579,0.006007737042357579
1.5152941176470587,-25.187531144820433,-25.187531144820433,0.0009591848295973537,0.0009591848295973537,-92.7079428100762,-92.7079428100762,0.0059450076854297585,0.0059450076854297585
1.5176470588235293,-25.438882227171742,-25.438882227171742,0.0009763578095029788,0.0009763578095029788,-93.17928607551508,-93.17928607551508,0.0059052038025425675,0.0059052038025425675
1.52,-25.68341456403185,-25.68341456403185,0.0009787181037514373,0.0009787181037514373,-93.64644736240918,-93.64644736240918,0.0058906801813038735,0.0058906801813038735
1.5223529411764707,-25.938702003993495,-25.938702003993495,0.0010039067702242725,0.0010039067702242725,-94.110413710956,-94.110413710956,0.005902678663820996,0.005902678663820996
1.5247058823529411,-26.18635320527053,-26.18635320527053,0.0010179847565978352,0.0010179847565978352,-94.57219801301756,-94.57219801301756,0.005941039280974507,0.005941039280974507
1.5270588235294118,-26.413608228772368,-26.413608228772368,0.0010339773143921674,0.0010339773143921674,-95.03268572326695,-95.03268572326695,0.006004705444996343,0.006004705444996343
1.5294117647058822,-26.649530144369873,-26.649530144369873,0.0010453525083252114,0.0010453525083252114,-95.492642017428,-95.492642017428,0.00609131820441905,0.00609131820441905
1.531764705882353,-26.87519246022999,-26.87519246022999,0.0010507903502236645,0.0010507903502236645,-95.95266663490055,-95.95266663490055,0.006197966495114133,0.006197966495114133
1.5341176470588236,-27.096845595045295,-27.096845595045295,0.0010577488183272788,0.0010577488183272788,-96.41311266430243,-96.41311266430243,0.006320682696720937,0.006320682696720937
1.536470588235294,-27.305561060988857,-27.305561060988857,0.001072262110247514,0.001072262110247514,-96.87412325252318,-96.87412325252318,0.006455751672371899,0.006455751672371899
1.5388235294117647,-27.51914208946576,-27.51914208946576,0.001073818723170331,0.001073818723170331,-97.33556100277492,-97.33556100277492,0.006599315174999367,0.006599315174999367
1.5411764705882351,-27.717625036949453,-27.717625036949453,0.0010763744691250521,0.0010763744691250521,-97.79727591264644,-97.79727591264644,0.006747822840284464,0.006747822840284464
1.5435294117647058,-27.916007037584343,-27.916007037584343,0.0010638740450996111,0.0010638740450996111,-98.25882499670782,-98.25882499670782,0.006898108019612729,0.006898108019612729
1.5458823529411767,-28.10855953582295,-28.10855953582295,0.0010627170804537044,0.0010627170804537044,-98.71982402976016,-98.71982402976016,0.007047879266345667,0.007047879266345667
1.5482352941176472,-28.30738508862551,-28.30738508862551,0.0010594351363115138,0.0010594351363115138,-99.1797148981486,-99.1797148981486,0.007195557226906943,0.007195557226906943
1.5505882352941176,-28.495039898228598,-28.495039898228598,0.001053382907263717,0.001053382907263717,-99.63799586566245,-99.63799586566245,0.007340603192377952,0.007340603192377952
1.5529411764705883,-28.692586089208415,-28.692586089208415,0.0010432031893795953,0.0010432031893795953,-100.094076991945,-100.094076991945,0.007483866667507715,0.007483866667507715
1.5552941176470587,-28.895118931742033,-28.895118931742033,0.0010317976698982617,0.0010317976698982617,-100.54756910343846,-100.54756910343846,0.0076269263785074095,0.0076269263785074095
1.5576470588235294,-29.08607664528211,-29.08607664528211,0.0010183369554361114,0.0010183369554361114,-100.99800021513408,-100.99800021513408,0.00777281583930123,0.00777281583930123
1.5599999999999998,-29.272288512874493,-29.272288512874493,0.0010017802608185407,0.0010017802608185407,-101.44507080766776,-101.44507080766776,0.00792600954512243,0.00792600954512243
1.5623529411764705,-29.470867117636065,-29.470867117636065,0.000986074749806684,0.000986074749806684,-101.88860396242033,-101.88860396242033,0.008091951668448427,0.008091951668448427
1.5647058823529412,-29.671418423825468,-29.671418423825468,0.0009687999457217425,0.0009687999457217425,-102.32862076788436,-102.32862076788436,0.008277443071932391,0.008277443071932391
1.5670588235294118,-29.871490687940728,-29.871490687940728,0.0009489815831605472,0.0009489815831605472,-102.7653111602577,-102.7653111602577,0.008489864529744946,0.008489864529744946
1.5694117647058823,-30.05844391294114,-30.05844391294114,0.0009182575229881616,0.0009182575229881616,-103.19912168879131,-103.19912168879131,0.008737374240639832,0.008737374240639832
1.571764705882353,-30.270643363342842,-30.270643363342842,0.000890438136708509,0.000890438136708509,-103.63067967170306,-103.63067967170306,0.009028138862486532,0.009028138862486532
1.5741176470588236,-30.468488266319635,-30.468488266319635,0.0008487396454882801,0.0008487396454882801,-104.06082902520514,-104.06082902520514,0.009370265353986109,0.009370265353986109
1.576470588235294,-30.67175686561989,-30.67175686561989,0.0008031519750357961,0.0008031519750357961,-104.49047368774106,-104.49047368774106,0.009770777242678772,0.009770777242678772
1.5788235294117647,-30.876799628520956,-30.876799628520956,0.000752937406028298,0.000752937406028298,-104.92054935855681,-104.92054935855681,0.010235690179373346,0.010235690179373346
1.5811764705882352,-31.09615273994171,-31.09615273994171,0.0007087681474939854,0.0007087681474939854,-105.35207129542134,-105.35207129542134,0.010769290144504085,0.010769290144504085
1.5835294117647059,-31.30860156682543,-31.30860156682543,0.0006530340950253217,0.0006530340950253217,-105.78570714529299,-105.78570714529299,0.01137430288769891,0.01137430288769891
1.5858823529411765,-31.483903914737933,-31.483903914737933,0.0006204510400447357,0.0006204510400447357,-106.22212932572019,-106.22212932572019,0.01205196681031235,0.01205196681031235
1.5882352941176474,-31.704879903526823,-31.704879903526823,0.0005669204842798167,0.0005669204842798167,-106.66180150330439,-106.66180150330439,0.01280170527872337,0.01280170527872337
1.5905882352941176,-31.926761768869923,-31.926761768869923,0.0005213975815314162,0.0005213975815314162,-107.10490042336349,-107.10490042336349,0.013621741771234024,0.013621741771234024
1.592941176470588,-32.13691094518855,-32.13691094518855,0.0004889722806821151,0.0004889722806821151,-107.55154412208981,-107.55154412208981,0.014509068232458585,0.014509068232458585
1.5952941176470588,-32.34162282184085,-32.34162282184085,0.00045712408231316626,0.00045712408231316626,-108.00166283699497,-108.00166283699497,0.01545992036615695,0.01545992036615695
1.5976470588235294,-32.55033218097757,-32.55033218097757,0.0004258390546689609,0.0004258390546689609,-108.45511543983784,-108.45511543983784,0.016469704246515192,0.016469704246515192
1.6,-32.74444039446994,-32.74444039446994,0.0004040084837385616,0.0004040084837385616,-108.91163828191989,-108.91163828191989,0.01753342348846168,0.01753342348846168
1.6023529411764705,-32.92058385781613,-32.92058385781613,0.0003870313836092418,0.0003870313836092418,-109.37094796251792,-109.37094796251792,0.018645509315787536,0.018645509315787536
1.6047058823529412,-33.11691504606807,-33.11691504606807,0.0003699222986289193,0.0003699222986289193,-109.83282322614156,-109.83282322614156,0.019800696356439208,0.019800696356439208
1.6070588235294117,-33.28435304604154,-33.28435304604154,0.0003586420507261394,0.0003586420507261394,-110.29688484037831,-110.29688484037831,0.02099276726722491,0.02099276726722491
1.6094117647058825,-33.463201275101234,-33.463201275101234,0.00034639161958973676,0.00034639161958973676,-110.76291271000706,-110.76291271000706,0.022216192928131873,0.022216192928131873
1.611764705882353,-33.63163914009367,-33.63163914009367,0.0003355951940906301,0.0003355951940906301,-111.23062415478502,-111.23062415478502,0.02346487642593932,0.02346487642593932
1.6141176470588237,-33.79462746838778,-33.79462746838778,0.00032656691292314434,0.00032656691292314434,-111.69972011989474,-111.69972011989474,0.024732882410199337,0.024732882410199337
1.616470588235294,-33.94962069901946,-33.94962069901946,0.0003173738320971341,0.0003173738320971341,-112.16999118796457,-112.16999118796457,0.026014384232148028,0.026014384232148028
1.6188235294117648,-34.10102454867582,-34.10102454867582,0.00031073392994339014,0.00031073392994339014,-112.6412404538847,-112.6412404538847,0.027303576862968304,0.027303576862968304
1.6211764705882352,-34.238427014649616,-34.238427014649616,0.0003058438464701236,0.0003058438464701236,-113.11320099436145,-113.11320099436145,0.02859447592952448,0.02859447592952448
1.6235294117647059,-34.39793903934378,-34.39793903934378,0.00029954013185996587,0.00029954013185996587,-113.5857885873941,-113.5857885873941,0.029881626216156663,0.029881626216156663
1.6258823529411766,-34.53433820322992,-34.53433820322992,0.00029603011814579244,0.00029603011814579244,-114.05876292859494,-114.05876292859494,0.031159447871711904,0.031159447871711904
1.6282352941176468,-34.67630300967043,-34.67630300967043,0.000293904751191997,0.000293904751191997,-114.53200520250839,-114.53200520250839,0.03242250648047156,0.03242250648047156
1.630588235294118,-34.833200717353755,-34.833200717353755,0.00029170256690507233,0.00029170256690507233,-115.00537991670869,-115.00537991670869,0.03366549952053538,0.03366549952053538
1.6329411764705881,-34.96279975517437,-34.96279975517437,0.00029312961641887037,0.00029312961641887037,-115.4787926432332,-115.4787926432332,0.034883398727244816,0.034883398727244816
1.6352941176470588,-35.08981209449182,-35.08981209449182,0.00029256644250907817,0.00029256644250907817,-115.9520925147223,-115.9520925147223,0.03607130952323943,0.03607130952323943
1.6376470588235295,-35.21580855919388,-35.21580855919388,0.00029639496624937,0.00029639496624937,-116.42517804868176,-116.42517804868176,0.03722440148504912,0.03722440148504912
1.6400000000000001,-35.33725275534783,-35.33725275534783,0.0003003329877936374,0.0003003329877936374,-116.89802847483081,-116.89802847483081,0.03833830577522199,0.03833830577522199
1.6423529411764706,-35.44863199919573,-35.44863199919573,0.0003012042060806698,0.0003012042060806698,-117.3705176116477,-117.3705176116477,0.03940862268125393,0.03940862268125393
1.6447058823529415,-35.560598206120986,-35.560598206120986,0.00030553898583350386,0.00030553898583350386,-117.84259876822632,-117.84259876822632,0.04043136225597351,0.04043136225597351
1.6470588235294117,-35.66626626520852,-35.66626626520852,0.0003074959849367119,0.0003074959849367119,-118.31414132175836,-118.31414132175836,0.04140267585587144,0.04140267585587144
1.6494117647058824,-35.769034566172465,-35.769034566172465,0.0003111792849749402,0.0003111792849749402,-118.78517547392951,-118.78517547392951,0.042318957926680494,0.042318957926680494
1.651764705882353,-35.87523795807815,-35.87523795807815,0.0003164116564329591,0.0003164116564329591,-119.25557114528985,-119.25557114528985,0.04317695380488852,0.04317695380488852
1.6541176470588237,-35.971888324981464,-35.971888324981464,0.00032024355797983037,0.00032024355797983037,-119.72534782863484,-119.72534782863484,0.04397358071051968,0.04397358071051968
1.6564705882352944,-36.06681140301717,-36.06681140301717,0.00032145466582416397,0.00032145466582416397,-120.194410341305,-120.194410341305,0.04470585611604473,0.04470585611604473
1.6588235294117644,-36.16556000885672,-36.16556000885672,0.0003238723073365439,0.0003238723073365439,-120.66272319851994,-120.66272319851994,0.045371534159165366,0.045371534159165366
1.6611764705882353,-36.26216492485004,-36.26216492485004,0.00032707096615364987,0.00032707096615364987,-121.13025707043431,-121.13025707043431,0.045968200915669014,0.045968200915669014
1.663529411764706,-36.35726919235151,-36.35726919235151,0.0003300028316539672,0.0003300028316539672,-121.59698278298795,-121.59698278298795,0.046493897195712015,0.046493897195712015
1.6658823529411766,-36.457539193295915,-36.457539193295915,0.0003326877620454285,0.0003326877620454285,-122.06282967605169,-122.06282967605169,0.04694674371541922,0.04694674371541922
1.668235294117647,-36.55106974739971,-36.55106974739971,0.00033541938512164117,0.00033541938512164117,-122.5278243751672,-122.5278243751672,0.04732541461303417,0.04732541461303417
1.670588235294118,-36.64878223376901,-36.64878223376901,0.000337580793388356,0.000337580793388356,-122.99193348938834,-122.99193348938834,0.04762870334631841,0.04762870334631841
1.672941176470588,-36.743843742995296,-36.743843742995296,0.00034250400263058324,0.00034250400263058324,-123.45508752713683,-123.45508752713683,0.04785559047411943,0.04785559047411943
1.6752941176470588,-36.840501041955875,-36.840501041955875,0.00034696751987128285,0.00034696751987128285,-123.91725834166722,-123.91725834166722,0.048005399500260976,0.048005399500260976
1.6776470588235295,-36.94369477155386,-36.94369477155386,0.00035181422644100336,0.00035181422644100336,-124.37848482387479,-124.37848482387479,0.04807777728540203,0.04807777728540203
1.68,-37.036130275867954,-37.036130275867954,0.000359979893439211,0.000359979893439211,-124.83870632767095,-124.83870632767095,0.048072330573083195,0.048072330573083195
1.6823529411764706,-37.13261955877553,-37.13261955877553,0.0003652208985503471,0.0003652208985503471,-125.29789855196807,-125.29789855196807,0.047989268699763776,0.047989268699763776
1.684705882352941,-37.22795311779348,-37.22795311779348,0.0003710311263494955,0.0003710311263494955,-125.75603003663925,-125.75603003663925,0.047828886213030455,0.047828886213030455
1.6870588235294117,-37.322239249721186,-37.322239249721186,0.00037999650292874337,0.00037999650292874337,-126.21312287208129,-126.21312287208129,0.047591299993108696,0.047591299993108696
1.6894117647058824,-37.408495426977204,-37.408495426977204,0.00038925670822213533,0.00038925670822213533,-126.66914562046472,-126.66914562046472,0.04727743132241896,0.04727743132241896
1.6917647058823528,-37.506083840016764,-37.506083840016764,0.00039767473323873095,0.00039767473323873095,-127.12408457971529,-127.12408457971529,0.04688835561116312,0.04688835561116312
1.6941176470588235,-37.59645604022202,-37.59645604022202,0.0004077264752915895,0.0004077264752915895,-127.57792100464961,-127.57792100464961,0.046424999108639925,0.046424999108639925
1.6964705882352942,-37.691843057603826,-37.691843057603826,0.00041730734415092765,0.00041730734415092765,-128.03063349998027,-128.03063349998027,0.04588863820276824,0.04588863820276824
1.6988235294117644,-37.78159085477374,-37.78159085477374,0.000426412217427923,0.000426412217427923,-128.48224432238626,-128.48224432238626,0.045280861919478735,0.045280861919478735
1.7011764705882353,-37.8692588298524,-37.8692588298524,0.0004366076609433586,0.0004366076609433586,-128.9327073599636,-128.9327073599636,0.04460319985545211,0.04460319985545211
1.7035294117647062,-37.96563800517327,-37.96563800517327,0.00044906648238031844,0.00044906648238031844,-129.38204244633386,-129.38204244633386,0.04385738539290542,0.04385738539290542
1.7058823529411766,-38.06084620111145,-38.06084620111145,0.0004612181794985153,0.0004612181794985153,-129.8302432024739,-129.8302432024739,0.04304572367700866,0.04304572367700866
1.7082352941176469,-38.151784763519025,-38.151784763519025,0.0004751774314301844,0.0004751774314301844,-130.27733572083042,-130.27733572083042,0.04216971845850356,0.04216971845850356
1.7105882352941175,-38.24979412315871,-38.24979412315871,0.0004899657498950953,0.0004899657498950953,-130.72324736462255,-130.72324736462255,0.04123251747103607,0.04123251747103607
1.7129411764705882,-38.34869926204824,-38.34869926204824,0.0005063000380482577,0.0005063000380482577,-131.16804997894337,-131.16804997894337,0.04023574625818833,0.04023574625818833
1.7152941176470589,-38.43755664563217,-38.43755664563217,0.0005236929223257883,0.0005236929223257883,-131.61173971053324,-131.61173971053324,0.039182256855398265,0.039182256855398265
1.7176470588235295,-38.535802090945836,-38.535802090945836,0.000543047090643969,0.000543047090643969,-132.05433305220376,-132.05433305220376,0.03807449749775622,0.03807449749775622
1.72,-38.6349326475611,-38.6349326475611,0.000564667961905634,0.000564667961905634,-132.49580566281548,-132.49580566281548,0.03691563196160039,0.03691563196160039
1.7223529411764709,-38.74154757426553,-38.74154757426553,0.0005969604214302642,0.0005969604214302642,-132.93624434710608,-132.93624434710608,0.035708087827220326,0.035708087827220326
1.7247058823529409,-38.82990815240665,-38.82990815240665,0.0006175888989972801,0.0006175888989972801,-133.37564231426325,-133.37564231426325,0.03445494035740016,0.03445494035740016
1.7270588235294118,-38.929045050137795,-38.929045050137795,0.0006486645123219483,0.0006486645123219483,-133.81404389284938,-133.81404389284938,0.03315951499335678,0.03315951499335678
1.7294117647058824,-39.027462109960084,-39.027462109960084,0.0006816505770309685,0.0006816505770309685,-134.25152643865104,-134.25152643865104,0.031824320476871684,0.031824320476871684
1.731764705882353,-39.121504975998704,-39.121504975998704,0.0007228745865401763,0.0007228745865401763,-134.6881096155704,-134.6881096155704,0.03045322006385851,0.03045322006385851
1.7341176470588235,-39.22016927283585,-39.22016927283585,0.0007625066411842471,0.0007625066411842471,-135.12396320732017,-135.12396320732017,0.029049024298814587,0.029049024298814587
1.7364705882352938,-39.30927742162961,-39.30927742162961,0.0008143007535912379,0.0008143007535912379,-135.55911480955834,-135.55911480955834,0.027615366180121715,0.027615366180121715
1.7388235294117647,-39.420732789773574,-39.420732789773574,0.0008621936929018682,0.0008621936929018682,-135.99374342269067,-135.99374342269067,0.02615541083182832,0.02615541083182832
1.7411764705882353,-39.51593080906747,-39.51593080906747,0.0009304775875583861,0.0009304775875583861,-136.4280141163719,-136.4280141163719,0.024672638671666004,0.024672638671666004
1.743529411764706,-39.61161841131254,-39.61161841131254,0.0010026482721320795,0.0010026482721320795,-136.8621848033434,-136.8621848033434,0.02317085937432201,0.02317085937432201
1.7458823529411764,-39.70942680968295,-39.70942680968295,0.0010952617169643,0.0010952617169643,-137.29649754221984,-137.29649754221984,0.021653716347102905,0.021653716347102905
1.748235294117647,-39.80163658428519,-39.80163658428519,0.001183870720300993,0.001183870720300993,-137.73141116984343,-137.73141116984343,0.02012503319427518,0.02012503319427518
1.7505882352941176,-39.88986163662833,-39.88986163662833,0.0013143045260951424,0.0013143045260951424,-138.16736861729268,-138.16736861729268,0.01858878774396302,0.01858878774396302
1.7529411764705882,-39.980723575513196,-39.980723575513196,0.0014477014930461473,0.0014477014930461473,-138.6051113918285,-138.6051113918285,0.017049819359517077,0.017049819359517077
1.7552941176470591,-40.06683688234618,-40.06683688234618,0.0016167174676176253,0.0016167174676176253,-139.04562267374118,-139.04562267374118,0.01551264948661084,0.01551264948661084
1.7576470588235293,-40.14213504066384,-40.14213504066384,0.0018192599064253902,0.0018192599064253902,-139.4902697605287,-139.4902697605287,0.013983654218525836,0.013983654218525836
1.76,-40.21730787812112,-40.21730787812112,0.0020880985967275684,0.0020880985967275684,-139.9410347146144,-139.9410347146144,0.012469885706147996,0.012469885706147996
1.7623529411764705,-40.27703999823694,-40.27703999823694,0.0024019069386907216,0.0024019069386907216,-140.40100830775566,-140.40100830775566,0.01098080313655871,0.01098080313655871
1.7647058823529411,-40.32348127408361,-40.32348127408361,0.0028439821646851224,0.0028439821646851224,-140.8747274016148,-140.8747274016148,0.009530227144288113,0.009530227144288113
1.7670588235294116,-40.33875626408668,-40.33875626408668,0.003380998269061041,0.003380998269061041,-141.36952986972702,-141.36952986972702,0.008139311254457065,0.008139311254457065
1.7694117647058827,-40.32408938788667,-40.32408938788667,0.004149616580391997,0.004149616580391997,-141.89711388588674,-141.89711388588674,0.0068426608581351744,0.0068426608581351744
1.7717647058823531,-40.27082857737678,-40.27082857737678,0.005074476663510584,0.005074476663510584,-142.47516339726806,-142.47516339726806,0.00570107201972809,0.00570107201972809
1.7741176470588236,-40.132536427029734,-40.132536427029734,0.0061319950468211966,0.0061319950468211966,-143.12474385907328,-143.12474385907328,0.004818418665328182,0.004818418665328182
1.776470588235294,-39.91489284858973,-39.91489284858973,0.0069169810839519105,0.0069169810839519105,-143.85012330619793,-143.85012330619793,0.004344117495088949,0.004344117495088949
1.7788235294117647,-39.66979811676396,-39.66979811676396,0.007051541563056797,0.007051541563056797,-144.60324964098805,-144.60324964098805,0.004399407721975963,0.004399407721975963
1.7811764705882354,-39.472582835977235,-39.472582835977235,0.006427319003155716,0.006427319003155716,-145.30646198146212,-145.30646198146212,0.004954009844195435,0.004954009844195435
1.7835294117647063,-39.35152425018158,-39.35152425018158,0.005537384103183275,0.005537384103183275,-145.92780528766747,-145.92780528766747,0.005855971731410488,0.005855971731410488
1.7858823529411765,-39.29422255864886,-39.29422255864886,0.004785554747904159,0.004785554747904159,-146.47983088732184,-146.47983088732184,0.006961555546011142,0.006961555546011142
1.7882352941176471,-39.30373810403507,-39.30373810403507,0.004190708870262777,0.004190708870262777,-146.98360837307916,-146.98360837307916,0.008178915945234951,0.008178915945234951
1.7905882352941174,-39.32350763490276,-39.32350763490276,0.0036944385098683437,0.0036944385098683437,-147.45521334546,-147.45521334546,0.009457181411820545,0.009457181411820545
1.7929411764705883,-39.369726732325056,-39.369726732325056,0.0033290200352099,0.0033290200352099,-147.90481629253165,-147.90481629253165,0.010766866273763775,0.010766866273763775
1.795294117647059,-39.43243880373527,-39.43243880373527,0.0030431405989766436,0.0030431405989766436,-148.33900846685756,-148.33900846685756,0.012091674414377803,0.012091674414377803
1.7976470588235294,-39.49902546891103,-39.49902546891103,0.002797817305631099,0.002797817305631099,-148.76185864726742,-148.76185864726742,0.013421225545471056,0.013421225545471056
1.8,-39.57570522387755,-39.57570522387755,0.0026074033502801017,0.0026074033502801017,-149.1761158507768,-149.1761158507768,0.01474917701999165,0.01474917701999165
